"pathway","pval","padj","log2err","ES","NES","size","leadingEdge","source"
"HALLMARK_EPITHELIAL_MESENCHYMAL_TRANSITION",1.9682496752229e-09,4.40887927249929e-07,0.774939030136436,-0.47409810572477,-2.0594886782831,188,"CCN2;CCN1;COL11A1;THBS1;DAB2;NNMT;ITGB3;ABI3BP;TNFRSF11B;VCAM1;IGFBP3;VIM;CDH11;PTX3;VCAN;IL6;LRRC15;CALD1;COL5A2;VEGFC;COL12A1;LOXL1;FZD8;FBN1;DKK1;CAP2;LOXL2;FN1;COL1A2;PTHLH;VEGFA;PMP22;NT5E;SERPINE2;PLOD2;BDNF;TPM1;PRRX1;COL5A1;FSTL1;ENO2;SNTB1;SFRP4;LGALS1;IL32;FAP;COL4A2;PFN2;COL4A1;SDC4;ACTA2;SLIT2;LOX;SLIT3;PVR;FBLN1;PMEPA1;ADAM12;CXCL8;COL5A3;MATN2;TGFBI;MMP14;IL15;THY1;SFRP1;CDH2;DST;FERMT2;FAS;BGN;FGF2;SERPINH1;CDH6;TNFAIP3","Hallmark"
"REACTOME_CROSSLINKING_OF_COLLAGEN_FIBRILS",3.84904487899761e-05,0.00431093026447732,0.557332238758646,-0.776960260526687,-2.12184375831403,17,"LOXL1;LOXL2;COL1A2;COL4A6;COL4A2;COL4A1;LOX;COL4A4;PXDN;LOXL3;BMP1;COL4A5","Reactome"
"REACTOME_NON_INTEGRIN_MEMBRANE_ECM_INTERACTIONS",0.000153666235500976,0.0114737455840729,0.518848077743792,-0.482987887443444,-1.83990812131457,76,"COL11A1;THBS1;DDR2;ITGB3;ITGB4;DMD;COL5A2;NTN4;FN1;COL1A2;COL5A1;COL4A6;SNTB1;SNTA1;COL4A2;HSPG2;COL4A1;SDC4;ACTA2;COL4A4;COL5A3;ACTN1;LAMA5;SSPN;FGF2;ITGA2;ACTB;LAMB2;SGCE;UTRN;COL10A1;COL4A5;LAMA2;TNC;DTNA;LAMA3;SGCG;SDC3","Reactome"
"GOBP_CELL_SUBSTRATE_ADHESION",0.000831775330022707,0.0465794184812716,0.477270815362862,-0.304871856606205,-1.40541252474614,328,"CCN2;CCN1;THBS1;PARVA;DAB2;ITGB3;ABI3BP;VCAM1;COL8A1;ITGB4;CDH11;AJUBA;NTN4;EPHA3;ITGB8;LIMCH1;NDNF;DOCK1;FN1;CDK6;RIN2;CCDC80;CD36;VEGFA;ANGPTL3;ITGBL1;EMP2;PTPRK;ANGPT1;RAC3;AXL;PTPRO;MYADM;ITGA4;SDC4;NRP1;CD34;HAS2;EFNA1;SORBS1;PLEKHA2;DUSP3;TRIP6;KIF14;FBLN1;TRIOBP;COL5A3;FOXF1;MMP14;HOXD3;THY1;SFRP1;ACTN1;TYRO3;LAMA5;ACTN4;FERMT2;ITGA3;PKD1;BST1;ITGAM;CDH13;PHLDB2;FUT1;KANK1;HOXA7;ADAMTS12;ITGA2;CX3CL1;EGFLAM;ADAMTS9;STON1;CSF1;SGCE;DOCK5;ARHGAP6;UTRN;ADAM9;S100A10;NF2;HACD1;ONECUT1","GO:BP"
"GOBP_POSITIVE_REGULATION_OF_ENDOTHELIAL_CELL_MIGRATION",0.00164841357383977,0.0738489281080217,0.45505986738723,-0.388447046007112,-1.57248813378146,113,"THBS1;ATOH8;ITGB3;EDN1;RHOJ;VEGFC;PRKD1;TMSB4X;ANXA3;ETS1;ANXA1;RIN2;AMOT;HDAC9;VEGFA;MET;ANGPT1;PLK2;GPI;MIR221;NRP1;MIR30A;SRPX2;HSPB1;PIK3CD;HMOX1;PTGS2;MIR10B;FOXP1;ADGRA2;FGF2;FUT1;MIR210;HMGB1;SCARB1","GO:BP"
"GOBP_BLOOD_VESSEL_ENDOTHELIAL_CELL_MIGRATION",0.00510550692996779,0.0816881108794846,0.407017918923954,-0.353181997920794,-1.46344706415096,132,"THBS1;RHOJ;CYP1B1;VEGFC;PRKD1;TMSB4X;STARD13;ETS1;ANXA1;MIR2355;AMOT;HDAC9;VEGFA;EMP2;ANGPT1;PLK2;CDH5;EPHA2;SOX18;MIR221;CLEC14A;NRP1;MIR30A;SLIT2;SRPX2;EFNA1;HSPB1;SPRED1;HMOX1;PTGS2;MIR10B;GPX1;MEF2C;FGF2;TBXA2R;MYH9;MIR210;MIR505;HMGB1;SCARB1;MICALL1;CARD10;HDAC7;MIR204;ID1;NR2E1;HIF1A;MIR135B","GO:BP"
"GOBP_DENDRITIC_CELL_CHEMOTAXIS",0.00502092050209205,0.0816881108794846,0.265216893779997,0.691758713245729,1.72973128240004,17,"ARHGEF5;CCR7;GAS6;TRPM2;SPI1;CCR1;CCL5;IL12A;PIK3CG","GO:BP"
"GOBP_DENDRITIC_CELL_MIGRATION",0.00373922939359454,0.0816881108794846,0.303779434551183,0.638828205195776,1.72939157134104,24,"ARHGEF5;CCR7;GAS6;TRPM2;SPI1;CCR1;ALOX5;CCL5;IL12A;PIK3CG;NLRP12","GO:BP"
"GOBP_FOCAL_ADHESION_ASSEMBLY",0.00314131894650509,0.0816881108794846,0.431707695803346,-0.403526685521326,-1.55070402538945,81,"THBS1;CDH11;AJUBA;EPHA3;LIMCH1;VEGFA;PTPRK;SDC4;NRP1;SORBS1;DUSP3;TRIP6;MMP14;THY1;SFRP1;ACTN1;FERMT2;PHLDB2;ITGA2;STON1;ARHGAP6;S100A10;COL16A1;SMAD3;LIMS1","GO:BP"
"GOBP_POSITIVE_REGULATION_OF_BLOOD_VESSEL_ENDOTHELIAL_CELL_MIGRATION",0.00501709135967309,0.0816881108794846,0.407017918923954,-0.442743046727513,-1.61777273766407,62,"THBS1;RHOJ;VEGFC;PRKD1;TMSB4X;ETS1;ANXA1;AMOT;HDAC9;VEGFA;ANGPT1;PLK2;MIR221;NRP1;MIR30A;SRPX2;HSPB1;HMOX1;PTGS2;MIR10B;FGF2;MIR210;HMGB1","GO:BP"
"GOBP_POSITIVE_REGULATION_OF_CELL_SUBSTRATE_ADHESION",0.00266460187215978,0.0816881108794846,0.431707695803346,-0.364021398391684,-1.47510600797318,114,"CCN1;DAB2;ITGB3;ABI3BP;COL8A1;NDNF;DOCK1;FN1;CDK6;RIN2;CCDC80;CD36;VEGFA;EMP2;RAC3;MYADM;SDC4;NRP1;HAS2;PLEKHA2;FBLN1;TRIOBP;FOXF1;THY1;SFRP1;FERMT2;ITGA3;CDH13;FUT1;CX3CL1;EGFLAM;CSF1;DOCK5;UTRN;S100A10;HACD1;EDIL3;COL16A1;SMAD3","GO:BP"
"GOBP_REGULATION_OF_CELL_MIGRATION_INVOLVED_IN_SPROUTING_ANGIOGENESIS",0.00504900504900505,0.0816881108794846,0.354819512103747,-0.476225996883628,-1.63879039690851,46,"THBS1;RHOJ;STARD13;ANXA1;MIR2355;HDAC9;VEGFA;PLK2;MIR221;NRP1;SRPX2;SPRED1;HMOX1;PTGS2;MIR10B;FGF2;TBXA2R;CARD10;HDAC7","GO:BP"
"GOBP_SMOOTH_MUSCLE_CELL_MIGRATION",0.00481694137427913,0.0816881108794846,0.407017918923954,-0.432011117622647,-1.60650950822026,68,"IGFBP5;PARVA;DDR2;ITGB3;IGFBP3;TACR1;SORL1;TPM1;DOCK7;GSTP1;FAT1;MIR221;NRP1;SLIT2;MIR218-1;HAS2","GO:BP"
"REACTOME_COLLAGEN_CHAIN_TRIMERIZATION",0.00300194393362595,0.0816881108794846,0.431707695803346,-0.505565230195637,-1.69631549792425,41,"COL11A1;COL21A1;COL8A1;COL5A2;COL12A1;COL1A2;COL5A1;COL14A1;COL4A6;COL4A2;COL4A1;COL4A4;COL5A3;COL27A1","Reactome"
"REACTOME_ASSEMBLY_OF_COLLAGEN_FIBRILS_AND_OTHER_MULTIMERIC_STRUCTURES",0.00551424643200904,0.082346080051335,0.407017918923954,-0.459892737377624,-1.65529151111128,57,"COL11A1;COL8A1;ITGB4;COL5A2;COL12A1;LOXL1;LOXL2;COL1A2;COL5A1;COL14A1;COL4A6;COL4A2;CTSL;COL4A1;LOX;COL4A4;PXDN;COL5A3;CD151;COL27A1;DST;LOXL3","Reactome"
"GOBP_CELL_MIGRATION_INVOLVED_IN_SPROUTING_ANGIOGENESIS",0.00764119601328904,0.105067880934312,0.303779434551183,-0.413673514825741,-1.52993588626821,66,"THBS1;RHOJ;STARD13;ANXA1;MIR2355;HDAC9;VEGFA;PLK2;CDH5;MIR221;CLEC14A;NRP1;SLIT2;SRPX2;SPRED1;HMOX1;PTGS2;MIR10B;FGF2;TBXA2R;MICALL1;CARD10;HDAC7","GO:BP"
"GOBP_INTEGRIN_MEDIATED_SIGNALING_PATHWAY",0.0105427567356501,0.105067880934312,0.279865652661932,-0.34692040427215,-1.40580849063082,114,"CCN2;CCN1;DAB2;ITGB3;ITGB4;SLC2A10;ITGB8;PRKD1;DIAPH3;DOCK1;FN1;ANGPTL3;ITGBL1;EMP2;CD40LG;ITGA4;NRP1;FBLN1;THY1;ADAM11;LAMA5;DST;FERMT2;ITGA3;BST1;ITGAM;LOXL3;MYH9;ITGA2;LAMB2","GO:BP"
"GOBP_MUSCLE_CELL_MIGRATION",0.00910683012259194,0.105067880934312,0.285313392143872,-0.390717377289654,-1.50764699176385,82,"IGFBP5;PARVA;DDR2;ITGB3;IGFBP3;TACR1;SORL1;ANXA1;TPM1;DOCK7;GSTP1;FAT1;MIR221;NET1;NRP1;SLIT2;MIR218-1;HAS2","GO:BP"
"GOBP_NEGATIVE_REGULATION_OF_CELL_CELL_ADHESION",0.0112572729572477,0.105067880934312,0.152675855527469,0.375206312732338,1.40792286806851,175,"APOA1;CXCL12;IDO1;RGCC;NRARP;DTX1;TRPV4;CD80;DAPL1;CEACAM1;ASS1;CDH1;IHH;EPCAM;TNFRSF21;SHH;HLA-G;MAP2K5;GLMN;CTLA4;BMP4;SOCS1;SPN;CD300A;PODXL;XCL1;SPI1;MDK;IFNB1;CD74;IL10;BMP2;LRRC32;CCL28;CD69;PDCD1;ADAMTS18;LAX1;JAK2;IFNL1;IL1RN;DUSP22;RUNX3;IL20RB;PELI1;FGL2;PPARA;JAG1;RAG2","GO:BP"
"GOBP_POSITIVE_REGULATION_OF_FIBROBLAST_MIGRATION",0.0108374384236453,0.105067880934312,0.218259775284787,-0.648748911201412,-1.71064035399088,15,"THBS1;DDR2;ITGB3;ACTA2","GO:BP"
"GOBP_REGULATION_OF_CELL_SUBSTRATE_ADHESION",0.0103145951521403,0.105067880934312,0.326351610990907,-0.307587983411202,-1.34494801319654,196,"CCN1;THBS1;DAB2;ITGB3;ABI3BP;COL8A1;EPHA3;LIMCH1;NDNF;DOCK1;FN1;CDK6;RIN2;CCDC80;CD36;VEGFA;EMP2;RAC3;PTPRO;MYADM;SDC4;NRP1;HAS2;PLEKHA2;DUSP3;FBLN1;TRIOBP;FOXF1;MMP14;THY1;SFRP1;ACTN4;FERMT2;ITGA3;BST1;CDH13;PHLDB2;FUT1;KANK1;HOXA7;CX3CL1;EGFLAM;CSF1;DOCK5;ARHGAP6;UTRN;S100A10;NF2;HACD1;ONECUT1;EDIL3;PIK3R1;COL16A1","GO:BP"
"GOBP_VASCULAR_ASSOCIATED_SMOOTH_MUSCLE_CELL_MIGRATION",0.00978260869565217,0.105067880934312,0.241698386096655,-0.533451803007696,-1.63540693325802,28,"IGFBP5;DDR2;TPM1;DOCK7;FAT1;MIR221;MIR218-1;MEF2C;DOCK5;MIR135B;PRKG1","GO:BP"
"REACTOME_COLLAGEN_BIOSYNTHESIS_AND_MODIFYING_ENZYMES",0.0110749185667752,0.105067880934312,0.248832632022043,-0.408297335942094,-1.49819664593348,63,"COL11A1;COL21A1;COL8A1;P3H2;COL5A2;COL12A1;COL1A2;PLOD2;COL5A1;CRTAP;COL14A1;COL4A6;P4HA2;COL4A2;COL4A1;P4HA1;COL4A4;COL5A3;COL27A1;SERPINH1;COLGALT2;BMP1;PLOD3;COL10A1;COL16A1;COL4A5","Reactome"
"REACTOME_REGULATION_OF_HOMOTYPIC_CELL_CELL_ADHESION",0.00805152979066022,0.105067880934312,0.265216893779997,-0.548478331228976,-1.67249509278264,27,"CDH11;CDH8;ADAM19;AMOT;ZEB2;FOXF1","Reactome"
"GOBP_CELL_MATRIX_ADHESION",0.0138580379859318,0.114970389216619,0.380730400722792,-0.301886054061789,-1.33570860575142,217,"CCN2;THBS1;ITGB3;VCAM1;ITGB4;CDH11;AJUBA;EPHA3;ITGB8;LIMCH1;FN1;CDK6;RIN2;CD36;VEGFA;ANGPTL3;ITGBL1;EMP2;PTPRK;ITGA4;SDC4;NRP1;CD34;SORBS1;PLEKHA2;DUSP3;TRIP6;COL5A3;MMP14;HOXD3;THY1;SFRP1;ACTN1;FERMT2;ITGA3;PKD1;BST1;ITGAM;CDH13;PHLDB2;FUT1;HOXA7;ADAMTS12;ITGA2;CX3CL1;ADAMTS9;STON1;CSF1;SGCE;ARHGAP6;UTRN;ADAM9;S100A10;NF2;ONECUT1;CD44;PIK3R1;COL16A1","GO:BP"
"GOBP_ENDOTHELIAL_CELL_MIGRATION",0.0134345794392523,0.114970389216619,0.303779434551183,-0.288178394203105,-1.28286669958886,233,"THBS1;ATOH8;ITGB3;EDN1;RHOJ;CYP1B1;VEGFC;PRKD1;TMSB4X;ANXA3;STARD13;ETS1;LOXL2;FN1;ANXA1;MIR2355;RIN2;AMOT;HDAC9;VEGFA;EMP2;ZEB2;MET;ANGPT1;FSTL1;PLK2;GPI;CDH5;FAP;EPHA2;SOX18;MIR221;CLEC14A;NRP1;MIR30A;SLIT2;SRPX2;EFNA1;STAT1;HSPB1;SPRED1;STC1;PIK3CD;HMOX1;PTGS2;MIR10B;GPX1;FOXP1;CDH13;ADGRA2;MEF2C;DPP4;FGF2;TBXA2R;MYH9;FUT1;MIR210;MIR505;ADAMTS9;HMGB1;SCARB1;MICALL1","GO:BP"
"REACTOME_COLLAGEN_FORMATION",0.0135424091233072,0.114970389216619,0.235141995561108,-0.377919590394488,-1.46489529742264,85,"COL11A1;COL21A1;COL8A1;ITGB4;P3H2;COL5A2;COL12A1;LOXL1;LOXL2;COL1A2;PLOD2;COL5A1;CRTAP;COL14A1;COL4A6;P4HA2;COL4A2;CTSL;COL4A1;LOX;P4HA1;COL4A4;PXDN;COL5A3;CD151;COL27A1;DST;LOXL3;SERPINH1;COLGALT2;BMP1;PLOD3;COL10A1;COL16A1;COL4A5","Reactome"
"GOBP_POSITIVE_REGULATION_OF_VASCULAR_ASSOCIATED_SMOOTH_MUSCLE_CELL_MIGRATION",0.0148994288552272,0.119195430841818,0.186472629239996,-0.615404551106687,-1.68064233390598,17,"IGFBP5;DDR2;DOCK7;FAT1;MIR221","GO:BP"
"GOBP_COLLAGEN_CATABOLIC_PROCESS",0.0160073880252424,0.123643273022562,0.141072897117004,0.521071164308525,1.55381799510428,38,"ADAMTS14;MMP13;MMP1;MMP17;MMP10;CTSS;MMP23B;PRTN3;MMP11;MMP28;CST3;FURIN;MMP12;MMP15;MMP9;TMPRSS6","GO:BP"
"GOBP_POSITIVE_REGULATION_OF_CELL_MATRIX_ADHESION",0.0175007675775253,0.130672397912189,0.191387828756382,-0.421757237970727,-1.48406592709256,51,"ITGB3;CDK6;RIN2;CD36;VEGFA;EMP2;SDC4;NRP1;PLEKHA2;THY1;SFRP1;FERMT2;CDH13;FUT1;CX3CL1;CSF1;UTRN;S100A10;COL16A1;SMAD3;LIMS1","GO:BP"
"GOBP_REGULATION_OF_FIBROBLAST_MIGRATION",0.0187481972887222,0.135470844924961,0.179054499269993,-0.453436440627161,-1.50126305319768,39,"THBS1;DDR2;ITGB3;ZEB2;SDC4;ACTA2","GO:BP"
"GOBP_REGULATION_OF_ENDOTHELIAL_CELL_MIGRATION",0.0204178537511871,0.136317689530686,0.220823464091113,-0.303449274210202,-1.30652680488072,176,"THBS1;ATOH8;ITGB3;EDN1;RHOJ;VEGFC;PRKD1;TMSB4X;ANXA3;STARD13;ETS1;ANXA1;MIR2355;RIN2;AMOT;HDAC9;VEGFA;EMP2;MET;ANGPT1;PLK2;GPI;EPHA2;MIR221;NRP1;MIR30A;SLIT2;SRPX2;EFNA1;HSPB1;SPRED1;STC1;PIK3CD;HMOX1;PTGS2;MIR10B;FOXP1;ADGRA2;MEF2C;FGF2;TBXA2R;FUT1;MIR210;MIR505;ADAMTS9;HMGB1;SCARB1","GO:BP"
"GOBP_SUBSTRATE_ADHESION_DEPENDENT_CELL_SPREADING",0.0212996389891697,0.136317689530686,0.18806904097585,-0.358648536142868,-1.40503530147211,90,"PARVA;DAB2;ITGB3;NTN4;DOCK1;FN1;RAC3;AXL;MYADM;ITGA4;NRP1;HAS2;EFNA1;KIF14;FBLN1;TRIOBP;TYRO3;LAMA5;ACTN4;FERMT2;KANK1;DOCK5;S100A10;PIK3R1;SRGAP2;PXN;LIMS1","GO:BP"
"GOBP_T_CELL_CHEMOTAXIS",0.0210765239948119,0.136317689530686,0.125952931638622,0.597748841562994,1.59159115369353,22,"CCL26;CXCL12;CXCL13;TNFSF14;XCL1;CCL5;CXCL11;PIK3CG;TMEM102;OXSR1;ADAM10","GO:BP"
"REACTOME_CELL_EXTRACELLULAR_MATRIX_INTERACTIONS",0.0196078431372549,0.136317689530686,0.16324176812788,-0.595701523131491,-1.65201427840377,18,"PARVA;ARHGEF6;ACTN1;FERMT2;ACTB;PXN;LIMS1;VASP","Reactome"
"REACTOME_TURBULENT_OSCILLATORY_DISTURBED_FLOW_SHEAR_STRESS_ACTIVATES_SIGNALING_BY_PIEZO1_AND_INTEGRINS_IN_ENDOTHELIAL_CELLS",0.0241782124422711,0.150442210751909,0.152675855527469,-0.485354676769528,-1.51740739834288,30,"ITGB3;CAPNS2;FN1;RELA;PDE4D;STAT1;IKBKE;GNAQ;NFKBIA;VCL;CAPN2;IKBKB;NFKB1;CAPNS1","Reactome"
"GOBP_LEUKOCYTE_CHEMOTAXIS",0.0277004806476094,0.167700207163906,0.0965275765869161,0.355605182617673,1.33437165533049,175,"ARHGEF5;CCL26;CXCL12;F2RL1;CCR7;CXCL13;TRPV4;CCL24;CMKLR1;PREX1;MCU;TNFSF14;MTUS1;GAS6;LBP;VAV3;RAC2;F7;JAML;FLT1;CHGA;TRPM2;RARRES2;SCG2;STAP1;EDN2;PGF;XCL1;SPI1;MDK;CCR1;CD74;THBS4;IL23A;ALOX5;MMP28;IL10;GPSM3;CCL5;CCL28;VAV1;IL12A;FPR2;LYST;C3AR1;NCKAP1L;ADGRE2","GO:BP"
"GOBP_REGULATION_OF_CELL_MATRIX_ADHESION",0.0296153846153846,0.174574898785425,0.164313492356652,-0.327831736692817,-1.32370168030837,111,"THBS1;ITGB3;EPHA3;LIMCH1;CDK6;RIN2;CD36;VEGFA;EMP2;SDC4;NRP1;PLEKHA2;DUSP3;MMP14;THY1;SFRP1;FERMT2;BST1;CDH13;PHLDB2;FUT1;HOXA7;CX3CL1;CSF1;ARHGAP6;UTRN;S100A10;NF2;ONECUT1;PIK3R1;COL16A1;SMAD3;LIMS1","GO:BP"
"GOBP_TROPHOBLAST_CELL_MIGRATION",0.0305164319248826,0.17527386541471,0.132881872272143,-0.532328535909985,-1.54897623669665,22,"ITGB3;ITGB4;SYDE1;VEGFA","GO:BP"
"GOBP_NON_MOTILE_CILIUM_ASSEMBLY",0.0367278797996661,0.200659635978664,0.137111915255226,-0.372068151866864,-1.38042365419961,67,"MKS1;KCNF1;CENPJ;DYNC2H1;TMEM107;IFT172;POC1A;CEP290;RP1;TBC1D32;CEP350;CEP126;SEPTIN9;CLCN4;EXOC5;CEP135;ARL13B;IFT122;TMEM17;SEPTIN7;CEP131;IFT140;VANGL2","GO:BP"
"GOBP_SUBSTRATE_DEPENDENT_CELL_MIGRATION",0.0359459459459459,0.200659635978664,0.124499976253388,-0.473653052911805,-1.47035132303732,29,"VEGFC;FN1;NRP1;SLIT2;FBLN1;PTPRC;SHTN1;ITGA2;STON1","GO:BP"
"KEGG_CELL_ADHESION_MOLECULES_CAMS",0.0384459732901659,0.205045190880885,0.0843074724832269,0.379645595763681,1.34706243116863,112,"CD40;PECAM1;CD80;CDH3;CDH1;CD8A;CD22;CD8B;CD4;CLDN23;SELP;ICAM2;PTPRM;MPZ;NECTIN1;HLA-G;SIGLEC1;CLDN4;CTLA4;CNTNAP2;HLA-B;ITGA6;SPN;SELPLG;NRXN2;CNTN2;CLDN15;ESAM;HLA-DMA;CD6;HLA-C;NEO1;PDCD1;CLDN10","KEGG"
"GOBP_POSITIVE_REGULATION_OF_CELL_MIGRATION_INVOLVED_IN_SPROUTING_ANGIOGENESIS",0.0394492983849616,0.205503321819335,0.117506481856722,-0.498771825102618,-1.49147296057294,25,"RHOJ;ANXA1;HDAC9;VEGFA;PLK2;NRP1;SRPX2;HMOX1;PTGS2;MIR10B;FGF2","GO:BP"
"GOBP_POSITIVE_REGULATION_OF_FOCAL_ADHESION_ASSEMBLY",0.0423266683978187,0.208170851707424,0.112250868978221,-0.498158572023938,-1.48394838374591,24,"VEGFA;SDC4;NRP1;THY1;SFRP1;FERMT2;S100A10;COL16A1;SMAD3;LIMS1;PTPRJ","GO:BP"
"GOBP_POSITIVE_REGULATION_OF_LEUKOCYTE_CHEMOTAXIS",0.0427493713327745,0.208170851707424,0.0812702847276304,0.403967811420902,1.37202169221697,80,"CXCL12;F2RL1;CCR7;CXCL13;TRPV4;CMKLR1;MCU;TNFSF14;GAS6;LBP;RAC2;F7;RARRES2;EDN2;PGF;XCL1;SPI1;MDK;CCR1;CD74;THBS4;IL23A;GPSM3;CCL5;IL12A;FPR2;C3AR1;NCKAP1L","GO:BP"
"GOBP_POSITIVE_REGULATION_OF_SMOOTH_MUSCLE_CELL_MIGRATION",0.0422059651097355,0.208170851707424,0.117106883409404,-0.444103195902406,-1.43265048518512,35,"IGFBP5;DDR2;ITGB3;DOCK7;FAT1;MIR221;NRP1;HAS2;CCN4;ITGA2;DOCK5","GO:BP"
"GOBP_COLLAGEN_FIBRIL_ORGANIZATION",0.0448504983388704,0.213755566551212,0.123558344666082,-0.367231590449475,-1.3581744266047,66,"COL11A1;DDR2;CYP1B1;COL5A2;COL12A1;LOXL1;LOXL2;COL1A2;PLOD2;COL5A1;CRTAP;COL14A1;LOX;P4HA1;PXDN;COL5A3;ANTXR2;LOXL3;SERPINH1;ADAMTS12;COLGALT2;BMP1","GO:BP"
"GOBP_REGULATION_OF_TROPHOBLAST_CELL_MIGRATION",0.0463054187192118,0.216091954022989,0.104367053045525,-0.570910495603127,-1.50539371308854,15,"ITGB3;SYDE1;VEGFA","GO:BP"
"GOBP_PROTEIN_LOCALIZATION_TO_CELL_JUNCTION",0.0510684047843032,0.233455564728243,0.0726386507219513,0.369730690059916,1.31620297987094,114,"NPTX1;CPLX1;HEPACAM;PECAM1;TMEM108;ERBB4;CACNG7;SHANK1;PCLO;GHSR;BSN;NETO2;OLFM1;NECTIN1;RAPSN;ABCB1;MARVELD3;NRXN2;MAPT;STX3;ILDR1;LGI1;DSP;GPHN;CACNA2D2","GO:BP"
"REACTOME_MET_PROMOTES_CELL_MOTILITY",0.0610885929357267,0.273676896352056,0.0983849253696529,-0.408598751220397,-1.36234419525053,40,"COL11A1;COL5A2;FN1;TNS3;COL1A2;MET;COL5A1;DOCK7;COL5A3;COL27A1;LAMA5;ITGA3;ITGA2;LAMB2","Reactome"
"GOBP_GRANULOCYTE_CHEMOTAXIS",0.067919276270007,0.298312115381991,0.063728697179177,0.381201777177972,1.30768116339371,86,"CCL26;CCR7;CXCL13;TRPV4;CCL24;CMKLR1;PREX1;MCU;LBP;VAV3;RAC2;JAML;RARRES2;SCG2;EDN2;XCL1;MDK;CD74;THBS4;IL23A;CCL5;CCL28;VAV1;C3AR1;NCKAP1L;ADGRE2","GO:BP"
"GOBP_KERATINOCYTE_MIGRATION",0.0707171314741036,0.299168233454417,0.0684357744975362,0.561468861635779,1.4242244498733,18,"KRT16;FGF7;LRG1;EPPK1;MMP9;FERMT1","GO:BP"
"GOBP_REGULATION_OF_HETEROTYPIC_CELL_CELL_ADHESION",0.072120913422047,0.299168233454417,0.067367922428938,0.544160029577348,1.41829443092511,20,"APOA1;BMP7;LCK;MAP2K5;IL10;SKAP1;IL1RN","GO:BP"
"GOBP_REGULATION_OF_LEUKOCYTE_CHEMOTAXIS",0.0712828186641273,0.299168233454417,0.061381954012731,0.366528848208308,1.28813427275293,104,"CXCL12;F2RL1;CCR7;CXCL13;TRPV4;CMKLR1;MCU;TNFSF14;MTUS1;GAS6;LBP;RAC2;F7;RARRES2;STAP1;EDN2;PGF;XCL1;SPI1;MDK;CCR1;CD74;THBS4;IL23A;MMP28;GPSM3;CCL5;IL12A;FPR2;C3AR1;NCKAP1L","GO:BP"
"GOBP_CELL_CELL_JUNCTION_ASSEMBLY",0.0801880632101345,0.304442816255426,0.0564312611344041,0.341710158663919,1.25082768206215,143,"TBX5;GJB6;HOPX;GJD3;PECAM1;TRPV4;LIM2;FRMPD2;CDH3;CDHR3;WNT11;CDH1;CLDN23;GJB2;ACE2;ACE;AFDN;CLDN4;CNTNAP2;MARVELD3;PRKCH;GJA5;AGT;CLDN15;CDH22;ACVRL1;ESAM;ILDR1;PKP3;CDH24","GO:BP"
"GOBP_CILIUM_OR_FLAGELLUM_DEPENDENT_CELL_MOTILITY",0.0765122345050304,0.304442816255426,0.0563335007829073,0.326812729005922,1.23865951722952,192,"CFAP61;CFAP47;PRSS55;ROPN1L;DNAH3;TTLL8;SLC22A14;DRC1;CFAP52;GARIN2;SLC9B1;DNAI3;CFAP46;IRGC;PLTP;DRC7;NEURL1;SPMIP8;ARMC2;TAC3;DNAI1;TTLL6;ROPN1B;TEX101;MEIG1;RSPH4A;RNASE10;DNAH8;DNAH7;CATSPERD;EFCAB9;DNAH10;DNAH14;CFAP206;TTLL1;CFAP57;BBOF1;PGAM4;UBE2B;CATSPER2;CCDC146;PIERCE1;PACRG;SPEF2;TEKT5;CCNYL1;CFAP210;CATSPER1;DNAH11;DDX4;TEKT1;GAPDHS;DNAH9;SLC9B2;DNAH6;CFAP65;PRDM14;TTLL9;DNAH17;PIERCE2;TPGS1;CFAP161;CFAP44;LRRC46;TTLL3;INTS13;POC1B;IQUB;CELF3;GAS2L2;ARMC3;PLA2G3;DNAH2;RIBC1;LDHC;EFHB;ADCY3;TEKT2;KIF9;SAXO4;EFHC2;CIMAP1A","GO:BP"
"GOBP_NEGATIVE_REGULATION_OF_LEUKOCYTE_CELL_CELL_ADHESION",0.079051906779661,0.304442816255426,0.0572815437800962,0.350238042231321,1.26269317095285,126,"CXCL12;IDO1;NRARP;DTX1;CD80;DAPL1;ASS1;IHH;TNFRSF21;SHH;HLA-G;GLMN;CTLA4;BMP4;SOCS1;SPN;CD300A;XCL1;MDK;IFNB1;CD74;IL10;LRRC32;CCL28;CD69;PDCD1;LAX1;IFNL1;DUSP22;RUNX3;IL20RB;PELI1;FGL2;PPARA;RAG2;FOXP3;ZC3H8","GO:BP"
"GOBP_POSITIVE_REGULATION_OF_CHEMOTAXIS",0.0755597014925373,0.304442816255426,0.058872381059619,0.353960325738739,1.26939533195934,121,"CCL26;CXCL12;F2RL1;CCR7;CXCL13;TRPV4;CMKLR1;SUCNR1;MCU;SEMA5A;TNFSF14;KDR;GAS6;LBP;RAC2;F7;RARRES2;SCG2;EDN2;PGF;XCL1;SPI1;MDK;CCR1;CD74;THBS4;IL23A;STX3;GPSM3;CCL5;IL12A;FPR2;C3AR1;NCKAP1L","GO:BP"
"REACTOME_EXTRACELLULAR_MATRIX_ORGANIZATION",0.0778443113772455,0.304442816255426,0.132881872272143,-0.253562964683203,-1.15521487378439,284,"COL11A1;THBS1;EFEMP1;DDR2;ITGB3;COL21A1;A2M;VCAM1;COL8A1;ITGB4;DMD;P3H2;VCAN;COL5A2;NTN4;ITGB8;COL12A1;LOXL1;FBN1;ADAM19;CAPNS2;LOXL2;FN1;COL1A2;ADAMTS16;PLOD2;COL5A1;LTBP3;ELANE;CMA1;CRTAP;COL14A1;COL4A6;P4HA2;SNTB1;SNTA1;COL4A2;CTSL;HSPG2;COL4A1;ITGA4;SDC4;LTBP1;ACTA2;LOX;P4HA1;COL4A4;FBLN1;PXDN;ADAM12;MATN4;COL5A3;CD151;CAST;MMP14;COL27A1;TIMP2;ACTN1;LAMA5;DST;ITGA3;ITGAM;LOXL3;SSPN;BGN;FGF2;SERPINH1;ITGA2;ACTB;COLGALT2;ADAMTS9;LAMB2;SGCE;MMP19;BMP1;UTRN;ADAM9","Reactome"
"GOBP_LEUKOCYTE_CELL_CELL_ADHESION",0.0884562841530055,0.33023679417122,0.0497224553511444,0.296811732743452,1.18432227329256,359,"IGF2;PCK1;CXCL12;IDO1;NRARP;CCR7;DTX1;BMP7;PECAM1;CD80;IL36B;DAPL1;RAG1;ASS1;CLEC4M;LCK;NOD2;CD4;CD177;IL12RB1;IHH;WNT10B;ZBTB16;SELP;ACTL6B;TNFSF14;HHLA2;TNFSF9;RAC2;TNFRSF21;SHH;CD24;DUSP10;HLA-G;IL23R;SLC39A8;FCHO1;CARD11;GLMN;CTLA4;BMP4;SOCS1;IL2RG;SPN;CD300A;SELPLG;XCL1;SASH3;MDK;IFNB1;PODXL2;CD74;B2M;IL23A;ALOX5;LRG1;IL10;HLA-DMA;CCL5;LRRC32;CCL28;VAV1;IL12A;CD6;CD69;PDCD1;LAX1;NCKAP1L;SKAP1;JAK2;IFNL1;SOX4;DUSP22;CHST2;RUNX3;HLA-A;SELL;IL20RB;PELI1;FGL2;PPARA;ITGA5;HES1;RAG2;IGF1","GO:BP"
"GOBP_GRANULOCYTE_MIGRATION",0.0929474113330616,0.335810002235577,0.0532638345255108,0.357207229600961,1.25719974819287,105,"CCL26;CCR7;PECAM1;CXCL13;TRPV4;CCL24;CMKLR1;PREX1;CD177;MCU;LBP;VAV3;RAC2;JAML;RARRES2;SCG2;EDN2;CD300A;XCL1;MDK;MCOLN2;PRTN3;CD74;THBS4;IL23A;CCL5;CCL28;VAV1;C3AR1;NCKAP1L;ADGRE2","GO:BP"
"GOBP_NEGATIVE_REGULATION_OF_SMOOTH_MUSCLE_CELL_MIGRATION",0.0928534167970788,0.335810002235577,0.0751440930078969,-0.47112437380334,-1.37088359973504,22,"IGFBP5;IGFBP3;TPM1;GSTP1;SLIT2;MIR218-1","GO:BP"
"GOBP_NEGATIVE_REGULATION_OF_CELL_MIGRATION_INVOLVED_IN_SPROUTING_ANGIOGENESIS",0.101149425287356,0.354022988505747,0.0710949907592617,-0.473760669308895,-1.34935089659289,20,"THBS1;STARD13;MIR2355;MIR221;SPRED1;TBXA2R;CARD10","GO:BP"
"KEGG_ECM_RECEPTOR_INTERACTION",0.100595864002804,0.354022988505747,0.0840040435343081,-0.324081875265633,-1.23658316087674,78,"COL11A1;THBS1;ITGB3;ITGB4;COL5A2;ITGB8;HMMR;FN1;COL1A2;CD36;COL5A1;COL4A6;COL4A2;HSPG2;COL4A1;ITGA4;SDC4;SV2C;COL4A4;COL5A3","KEGG"
"GOBP_CELL_CELL_JUNCTION_ORGANIZATION",0.110754017305315,0.381675382713702,0.0460013775372782,0.315050178427957,1.19698248777496,200,"TBX5;GJB6;HOPX;GJD3;F2RL1;PECAM1;TRPV4;LIM2;FRMPD2;CDH3;CDHR3;WNT11;CDH1;CD177;CLDN23;ABCC8;GJB2;ACE2;ACE;NECTIN1;AFDN;CLDN4;CNTNAP2;MARVELD3;PRKCH;INAVA;BHLHA15;PRTN3;GJA5;AGT;CLDN15;CDH22;ACVRL1;ESAM;ILDR1;CAMSAP3;PKP3;CDH24;DSP;CLDN10;F2R;GRHL1;JUP;CLDN7;FZD5","GO:BP"
"GOBP_NEUTROPHIL_CHEMOTAXIS",0.113962592431492,0.3867821318887,0.0494126590359321,0.390305073513748,1.27069028349849,60,"CCR7;CXCL13;PREX1;MCU;LBP;VAV3;RAC2;JAML;EDN2;XCL1;MDK;CD74;THBS4;IL23A;CCL28;VAV1;C3AR1;NCKAP1L","GO:BP"
"GOBP_EXTRACELLULAR_MATRIX_ASSEMBLY",0.116413373860182,0.389202921562401,0.050108280606711,0.424705101025953,1.2919923158728,42,"RGCC;HAPLN2;IHH;GAS6;PPARG;ELN;SMPD3;THSD4;HAS3;TNXB;TIE1;AGT","GO:BP"
"GOBP_LYMPHOCYTE_CHEMOTAXIS",0.120502481389578,0.396949350459787,0.0497224553511444,0.444513970612087,1.30313939700297,35,"CCL26;CXCL12;CXCL13;TNFSF14;GAS6;XCL1;CCL5;CXCL11;PIK3CG;TMEM102;ADAM8;OXSR1;PTK2B;ADAM10","GO:BP"
"GOBP_NEGATIVE_REGULATION_OF_CHEMOTAXIS",0.122295933083357,0.397018681314088,0.0686043435198679,-0.38270090554933,-1.26706783674433,39,"THBS1;CCL2;ELANE;GSTP1;WNT3;PTPRO;NRP1;SLIT2;DUSP3;TNFAIP6;DPP4","GO:BP"
"GOBP_NEGATIVE_CHEMOTAXIS",0.128805262352761,0.40491903783043,0.047594922428523,0.421857621488571,1.27630538447587,41,"APOA1;LGR6;SEMA6A;PLXNA4;FLRT2;SEMA3D;SEMA5A;SEMA6D;SEMA5B;EFNA5","GO:BP"
"GOBP_POSITIVE_REGULATION_OF_GRANULOCYTE_CHEMOTAXIS",0.130152547874067,0.40491903783043,0.0488744853554749,0.486064987566518,1.30805389799355,23,"CCR7;MCU;LBP;RAC2;XCL1;MDK;CD74;THBS4;IL23A;C3AR1;NCKAP1L","GO:BP"
"GOBP_POSITIVE_REGULATION_OF_SUBSTRATE_ADHESION_DEPENDENT_CELL_SPREADING",0.127056154282473,0.40491903783043,0.0666556482309615,-0.386025795963642,-1.2634164733029,37,"DAB2;ITGB3;DOCK1;RAC3;MYADM;NRP1;HAS2;TRIOBP;FERMT2;DOCK5;S100A10","GO:BP"
"KEGG_FOCAL_ADHESION",0.134170854271357,0.411702347353204,0.087188756630299,-0.260156396319813,-1.13180688465926,189,"COL11A1;THBS1;PARVA;ITGB3;CAV1;ITGB4;COL5A2;VEGFC;ITGB8;DOCK1;FN1;BIRC3;COL1A2;VEGFA;MET;COL5A1;RAC3;COL4A6;ARHGAP5;COL4A2;COL4A1;PDGFC;ITGA4;EGFR;COL4A4;BIRC2;COL5A3;PIK3CD;PPP1R12A;ACTN1;LAMA5;ACTN4;ITGA3","KEGG"
"REACTOME_CELL_CELL_JUNCTION_ORGANIZATION",0.143595041322314,0.434666071029707,0.0692037251597512,-0.314414485734611,-1.19773969658772,76,"CDH11;CDH8;CDH9;ADAM19;AMOT;ZEB2;CDH5;CLDN18;PVR;NECTIN3;FOXF1;CLDN5;CDH2;CLDN16;CDH13;CDH6;ACTB;HOXC8;CLDN1;ANG;CLDN2;PARD6B;PRDM8;CDH4","Reactome"
"GOBP_AMEBOIDAL_TYPE_CELL_MIGRATION",0.146919431279621,0.437867494371462,0.0905617673660515,-0.248920946930045,-1.11078713446578,238,"AMOTL2;THBS1;EDNRB;DDR2;ITGB3;EDN1;KITLG;ITGB4;TACR1;SEMA3C;ARID5B;SYDE1;DOCK1;FN1;ANLN;AMOT;MCC;VEGFA;ZEB2;MIR130A;ENG;GDNF;ARHGAP5;TGFBR2;PITX2;PFN2;MIR221;MIR222;ITGA4;SDC4;NRP1;ACTA2;HAS2;TWIST1;FAM114A1;SEMA3A;EDNRA;IL4;CDH2;KANK2;LAMA5;ITGA3;FGF2;KANK1;PTPRR;ITGA2;RET;SEMA4B","GO:BP"
"GOBP_CELL_CHEMOTAXIS",0.15051695119019,0.437867494371462,0.0381441068234305,0.299312027912948,1.15765847680903,239,"ARHGEF5;CCL26;CCL18;CXCL12;CCR4;F2RL1;CCR7;CXCL13;TRPV4;CCL24;CMKLR1;CXCL14;PREX1;MCU;SEMA5A;TNFSF14;MTUS1;KDR;GAS6;LBP;VAV3;RAC2;F7;JAML;FLT1;CHGA;TRPM2;RARRES2;SCG2;STAP1;EPHB1;EDN2;XCR1;PGF;XCL1;SPI1;MDK;CCR1;CD74;THBS4;IL23A;ALOX5;MMP28;IL10;GPSM3;CCL5;CCL28;VAV1;IL12A;FPR2;LYST;C3AR1;NCKAP1L;BIN2;ADGRE2;PDGFRB;KIT;DOCK4;CXCL11;ACKR4;PIK3CG","GO:BP"
"GOBP_POSITIVE_REGULATION_OF_LEUKOCYTE_MIGRATION",0.149180761099366,0.437867494371462,0.0404504773231687,0.328632875468849,1.1862230346254,127,"CXCL12;F2RL1;CCR7;CXCL13;TRPV4;CCL24;CMKLR1;ITGA2B;SELP;MCU;TNFSF14;GAS6;LBP;PLVAP;RAC2;F7;RARRES2;LYVE1;EDN2;SPN;PGF;XCL1;SPI1;MDK;CCR1;CD74;THBS4;IL23A;GPSM3;CCL5;IL12A;FPR2;C3AR1;NCKAP1L","GO:BP"
"GOBP_NEUTROPHIL_MIGRATION",0.168920822766977,0.476729964596073,0.0390962704702094,0.3554310446787,1.19660703294801,76,"CCR7;PECAM1;CXCL13;PREX1;CD177;MCU;LBP;VAV3;RAC2;JAML;EDN2;XCL1;MDK;MCOLN2;PRTN3;CD74;THBS4;IL23A;CCL28;VAV1;C3AR1;NCKAP1L","GO:BP"
"GOBP_T_CELL_MIGRATION",0.168492360910925,0.476729964596073,0.0396623861712408,0.370852067081645,1.21458164421504,62,"CCL26;CXCL12;CXCL13;TNFSF14;APOD;MYO1G;IL27RA;SPN;XCL1;CCL5;CD69;CXCL11;PIK3CG;S1PR1;TMEM102;ADAM8;OXSR1;CD200R1;ITGB7;ECM1;ADAM10;CORO1A","GO:BP"
"REACTOME_COLLAGEN_DEGRADATION",0.170260701641455,0.476729964596073,0.0610747871837814,-0.327068835407803,-1.18450817790721,59,"COL11A1;COL8A1;COL5A2;COL12A1;COL1A2;COL5A1;ELANE;COL14A1;COL4A6;COL4A2;CTSL;COL4A1;COL4A4;COL5A3;MMP14","Reactome"
"GOBP_ENDOTHELIAL_CELL_CHEMOTAXIS",0.182232957595276,0.481462825599448,0.0534740728047682,-0.402543630327341,-1.22749105665638,27,"THBS1;PRKD1;TMSB4X;VEGFA;MET;NRP1;HSPB1;FGF2;HMGB1","GO:BP"
"GOBP_EXTRACELLULAR_MATRIX_DISASSEMBLY",0.182697947214076,0.481462825599448,0.0382489817341206,0.371858204896879,1.19601942785627,56,"MMP13;LCP1;MMP1;CTSV;ADAMTS4;MMP10;SH3PXD2B;CTSS;CAPG;TIMP3;MMP11;CST3;HPN;FURIN;MMP12;MMP15;MMP9;TMPRSS6;FGFR4;ADAM8;MELTF","GO:BP"
"GOBP_NEGATIVE_REGULATION_OF_CELL_ADHESION",0.178180085755121,0.481462825599448,0.034403895723653,0.291570910189662,1.13451755542605,260,"APOA1;CXCL12;IDO1;RGCC;NRARP;DTX1;DAB1;TRPV4;CD80;DAPL1;SEMA6A;CEACAM1;ASS1;CDH1;IHH;SEMA5A;EPCAM;SPRY4;APOD;TNFRSF21;SHH;HLA-G;MAP2K5;GLMN;CTLA4;BMP4;SOCS1;SPN;CD300A;PODXL;XCL1;SPI1;MDK;IFNB1;CD74;PDE3B;EFNA5;IL10;ACVRL1;BMP2;LRRC32;CCL28;CD69;PDCD1;ADAMTS18;LAX1;MMP12;JAK2;IFNL1;IL1RN;DUSP22;RUNX3;FZD4;IL20RB;PELI1;FGL2;PPARA;JAG1;RAG2","GO:BP"
"GOBP_POSITIVE_REGULATION_OF_LEUKOCYTE_ADHESION_TO_VASCULAR_ENDOTHELIAL_CELL",0.177011494252874,0.481462825599448,0.052891019675301,-0.434116223213405,-1.23643677697651,20,"IL6;ETS1;RELA;ELANE;ITGA4;FUT4;SELE;ST3GAL4","GO:BP"
"GOBP_REGULATION_OF_T_CELL_MIGRATION",0.182479539254319,0.481462825599448,0.0390038894080939,0.396744970970961,1.2133868521639,43,"CXCL12;CXCL13;TNFSF14;APOD;IL27RA;SPN;XCL1;CCL5;CD69;TMEM102;ADAM8;OXSR1;CD200R1;ECM1;ADAM10;CORO1A","GO:BP"
"GOBP_REGULATION_OF_ENDOTHELIAL_CELL_CHEMOTAXIS",0.193061840120664,0.502858746360798,0.0500375312463182,-0.439195343112376,-1.21798744783457,18,"THBS1;PRKD1;TMSB4X;VEGFA;MET;HSPB1","GO:BP"
"CUSTOM_CORE_MIGRATION_EMT",0.195435092724679,0.503189204256645,0.0532220567988579,-0.35996834997099,-1.18546637034812,38,"THBS1;ITGB3;VIM;CDH11;FN1;ZEB2;TWIST1;MMP14;CDH2;LAMA5","Custom"
"GOBP_POSITIVE_REGULATION_OF_LYMPHOCYTE_MIGRATION",0.204404466501241,0.520302278366794,0.0370359303299504,0.408682679379312,1.19809620300252,35,"CXCL12;CXCL13;TNFSF14;SPN;XCL1;CCL5;TMEM102;ADAM8;OXSR1;PTK2B;ADAM10;CORO1A","GO:BP"
"GOBP_FIBROBLAST_MIGRATION",0.215457413249211,0.522974740867465,0.0533057017908063,-0.321227881569784,-1.14820456226902,55,"THBS1;DDR2;ITGB3;ARID5B;ZEB2;SDC4;ACTA2;FAM114A1","GO:BP"
"GOBP_MESENCHYMAL_CELL_PROLIFERATION",0.211782708492731,0.522974740867465,0.0360041146230746,0.395833130905543,1.1861599843969,39,"FGF7;BMP7;WNT11;GPC3;IHH;KDR;DCHS1;SHH;BMP4","GO:BP"
"GOBP_POSITIVE_REGULATION_OF_T_CELL_MIGRATION",0.214139505589671,0.522974740867465,0.0363710691140797,0.418324692399885,1.19685452188566,31,"CXCL12;CXCL13;TNFSF14;SPN;XCL1;CCL5;TMEM102;ADAM8;OXSR1;ADAM10;CORO1A","GO:BP"
"GOBP_REGULATION_OF_CELL_CELL_ADHESION_MEDIATED_BY_CADHERIN",0.220860927152318,0.522974740867465,0.0367791390199934,0.469604841964932,1.20660342734496,19,"RGCC;SERPINF2;EPCAM;AFDN;PTPRU","GO:BP"
"GOBP_SYNAPTIC_MEMBRANE_ADHESION",0.221797323135755,0.522974740867465,0.0358837993522971,0.42958472626239,1.19223369906587,27,"ELFN1;SPARCL1;SLITRK5;MDGA1;PCDH8;EFNA5;LRRC4B;LRRC4;TENM4","GO:BP"
"HALLMARK_APICAL_JUNCTION",0.21262950172669,0.522974740867465,0.0680194272735311,-0.25076831577768,-1.08910720015951,186,"PARVA;TNFRSF11B;VCAM1;ITGB4;CDH11;CDH8;VCAN;FBN1;IRS1;GNAI1;NEXN;CLDN18;SPEG;CD34;SLIT2;AMIGO2;CNN2;EGFR;ARHGEF6;NECTIN3;YWHAH;TGFBI;THY1;CLDN5;ACTN1;PTPRC;TUBG1;ACTN4;ITGA3;PKD1;MYH9;CDH6;EPB41L2;ITGA2;CX3CL1;ACTB;SHC1;SGCE;SHROOM2;BMP1;ADAM9;TSPAN4;NF2;B4GALT1;NLGN3;COL16A1;DLG1;FSCN1;ATP1A3;LDLRAP1;CDH4;WNK4;VASP;FYB1;MMP2;LAMA3;RASA1;SDC3;NFASC","Hallmark"
"REACTOME_CELL_JUNCTION_ORGANIZATION",0.220037807183365,0.522974740867465,0.0580618893746958,-0.278366951672679,-1.11281234686573,103,"PARVA;ITGB4;CDH11;CDH8;CDH9;ADAM19;AMOT;ZEB2;CDH5;CLDN18;ARHGEF6;PVR;NECTIN3;CD151;FOXF1;CLDN5;ACTN1;CDH2;CLDN16;DST;FERMT2;CDH13;CDH6;ACTB;HOXC8;CLDN1;PXN;LIMS1;ANG;CLDN2;PARD6B;PRDM8;PLEC;CDH4;VASP;LAMA3","Reactome"
"GOBP_CEREBRAL_CORTEX_CELL_MIGRATION",0.229405630865485,0.524309232694715,0.0338208621100742,0.3695440395703,1.15784391152556,49,"DAB1;HTR6;MDGA1;SYNE2;DISC1;LRP8;LHX6;ARX;NKX2-1","GO:BP"
"GOBP_CEREBRAL_CORTEX_RADIALLY_ORIENTED_CELL_MIGRATION",0.241970352069178,0.524309232694715,0.0334745904199672,0.391392519859012,1.16204436244959,37,"DAB1;MDGA1;SYNE2;DISC1;LRP8;LHX6;POU3F2;CDK5R1;SUN1;DIXDC1;LAMB1","GO:BP"
"GOBP_HOMOPHILIC_CELL_ADHESION_VIA_PLASMA_MEMBRANE_ADHESION_MOLECULES",0.241064006650042,0.524309232694715,0.0581681707411765,-0.260338397515708,-1.08335631273016,137,"PCDH20;CLSTN2;PCDHB7;CDH11;CDH8;FAT3;DSG4;CDH9;HMCN1;PCDHB8;PCDHGC3;NEXN;DCHS2;FAT4;CDH5;FAT1;MYOT;PLXNB3;AMIGO2;DSG2;PVR;NECTIN3;PCDHB16;PLXNB2;KIRREL3;PALLD;CDH2;PCDHB9;CDHR1;PKD1;CDH13;CDH6;PTPRR","GO:BP"
"GOBP_HOST_MEDIATED_SUPPRESSION_OF_SYMBIONT_INVASION",0.243422733077905,0.524309232694715,0.044463890880197,-0.409583640151013,-1.16656381137287,20,"PTX3;LRRC15;IFITM2;TRIM5","GO:BP"
"GOBP_POSITIVE_REGULATION_OF_CELL_CELL_ADHESION",0.23877430760165,0.524309232694715,0.0286261470897588,0.28065625712433,1.0994458736654,283,"IGF2;PCK1;MEGF10;CCR7;BMP7;CXCL13;CD80;IL36B;GP6;RAG1;LCK;NOD2;CD4;IL12RB1;IHH;WNT10B;ZBTB16;SELP;SERPINF2;ACTL6B;TNFSF14;HHLA2;TNFSF9;SHH;CD24;AFDN;DUSP10;HLA-G;IL23R;FCHO1;CARD11;SOCS1;IL2RG;SPN;PODXL;XCL1;SASH3;PTPRU;MDK;CD74;B2M;IL23A;ALOX5;FUT3;IL10;PKP3;HLA-DMA;CCL5;VAV1;IL12A;CD6;NCKAP1L;RNASE10;SKAP1;JAK2;SOX4;CHST2;RUNX3;SOX2;HLA-A","GO:BP"
"GOBP_REGULATION_OF_CHEMOTAXIS",0.228216818642351,0.524309232694715,0.0307770496452784,0.297938578411075,1.11828144412773,176,"CCL26;CXCL12;F2RL1;CCR7;CXCL13;TRPV4;CMKLR1;PLXNA4;SUCNR1;MCU;SEMA5A;TNFSF14;MTUS1;KDR;GAS6;LBP;RAC2;F7;RARRES2;SCG2;STAP1;ATOH7;EDN2;PGF;XCL1;SPI1;MDK;CCR1;CD74;THBS4;IL23A;STX3;MMP28;GPSM3;CCL5;IL12A;FPR2;C3AR1;NCKAP1L","GO:BP"
"GOBP_REGULATION_OF_EXTRACELLULAR_MATRIX_DISASSEMBLY",0.232458354366482,0.524309232694715,0.0453100651044091,-0.417751063636417,-1.17450865960013,19,"DDR2;IL6;FAP;DPP4;FSCN1;TGFB2;LRP1","GO:BP"
"GOBP_REGULATION_OF_SUBSTRATE_ADHESION_DEPENDENT_CELL_SPREADING",0.24342928660826,0.524309232694715,0.0496877756011859,-0.314883463473594,-1.12274929231886,54,"DAB2;ITGB3;DOCK1;RAC3;MYADM;NRP1;HAS2;FBLN1;TRIOBP;ACTN4;FERMT2;KANK1;DOCK5;S100A10","GO:BP"
"HALLMARK_APICAL_SURFACE",0.225379939209726,0.524309232694715,0.034580808198191,0.383760388138379,1.16743470095701,42,"RHCG;MDGA1;IL2RB;MAL;SCUBE1;RTN4RL1;PCSK9;SLC2A4;AFAP1L2;IL2RG;LYPD3;EFNA5;ATP8B1;ATP6V0A4","Hallmark"
"GOBP_MYELOID_LEUKOCYTE_MIGRATION",0.249366767983789,0.525275571741282,0.0291412258267377,0.29456094881061,1.10560386297164,176,"ARHGEF5;CCL26;CXCL12;CCR7;PECAM1;CXCL13;TRPV4;CCL24;CMKLR1;PREX1;CD177;MCU;MTUS1;LBP;VAV3;RAC2;JAML;FLT1;CHGA;RARRES2;SCG2;STAP1;EDN2;CD300A;PGF;XCL1;SPI1;MDK;CCR1;MCOLN2;PRTN3;CD74;THBS4;IL23A;MMP28;CCL5;CCL28;VAV1;FPR2;C3AR1;NCKAP1L;ADGRE2","GO:BP"
"REACTOME_INTEGRIN_CELL_SURFACE_INTERACTIONS",0.248436414176511,0.525275571741282,0.0520088039998597,-0.290329479092224,-1.10651085410145,77,"THBS1;ITGB3;VCAM1;COL8A1;COL5A2;ITGB8;FBN1;FN1;COL1A2;COL5A1;COL4A6;COL4A2;HSPG2;COL4A1;ITGA4;COL4A4;COL5A3","Reactome"
"REACTOME_INTEGRIN_SIGNALING",0.250912884715702,0.525275571741282,0.0442332865829381,-0.397188012508007,-1.15574265021124,22,"ITGB3;FN1;RAPGEF4","Reactome"
"GOBP_LEUKOCYTE_MIGRATION",0.255306808954878,0.529525233387894,0.0271612837153758,0.2751310650042,1.08637575151604,312,"ARHGEF5;CCL26;CXCL12;F2RL1;CCR7;PECAM1;CXCL13;TRPV4;CCL24;CMKLR1;PREX1;ITGA2B;LCK;CD177;SELP;GCSAM;MCU;TNFSF14;MTUS1;GAS6;LBP;PLVAP;APOD;VAV3;RAC2;F7;JAML;FLT1;CHGA;SMPD3;TRPM2;RARRES2;SCG2;LYVE1;STAP1;MYO1G;IL27RA;ITGA6;EDN2;SPN;CD300A;SELPLG;PGF;XCL1;SPI1;MDK;CCR1;MCOLN2;PODXL2;PRTN3;CD74;THBS4;IL23A;ALOX5;MMP28;IL10;GPSM3;CCL5;CCL28;VAV1;IL12A;CD69;FPR2;LYST;C3AR1;NCKAP1L","GO:BP"
"GOBP_REGULATION_OF_INTEGRIN_ACTIVATION",0.25907949790795,0.532420252581475,0.0337173767448511,0.46957714038125,1.17416991454486,17,"CXCL13;PLEK;SELP;RASIP1;SKAP1;FERMT1","GO:BP"
"GOBP_FOREBRAIN_CELL_MIGRATION",0.26232827187274,0.534195753631762,0.0306525980581054,0.345449923737186,1.12748904379079,61,"CXCL12;DAB1;HTR6;MDGA1;SYNE2;DISC1;LRP8;LHX6;CNTN2;ARX;NKX2-1;FOXB1","GO:BP"
"GOBP_CALCIUM_DEPENDENT_CELL_CELL_ADHESION_VIA_PLASMA_MEMBRANE_CELL_ADHESION_MOLECULES",0.267971946230275,0.536695182350293,0.0454188345799311,-0.331361806716725,-1.11491202199467,42,"CDH11;CDH8;AJUBA;CDH9;NLGN1;PCDHGC3;CDH5;PCDHB16;CDH2;PCDHB9;CDH13;CDH6;PCDHB10;PCDHB11;PCDHB2;PCDHB14;CDH4","GO:BP"
"GOBP_REGULATION_OF_NEURON_MIGRATION",0.268347591175146,0.536695182350293,0.0309237078172155,0.363646326040129,1.13090423370583,47,"KIF26A;ERBB4;SEMA6A;FLRT2;CAMK2A;CAMK2B;TNN","GO:BP"
"GOBP_LYMPHOCYTE_MIGRATION",0.271017699115044,0.537238624794424,0.0292244316056432,0.322191162025263,1.11262683248563,90,"CCL26;CXCL12;CCR7;CXCL13;GCSAM;TNFSF14;GAS6;APOD;MYO1G;IL27RA;SPN;XCL1;CCL5;CD69;CXCL11;PIK3CG;S1PR1;TMEM102;ADAM8;OXSR1;CD200R1;PTK2B;ITGB7;ECM1;ADAM10;CORO1A","GO:BP"
"GOBP_CELL_CELL_ADHESION_VIA_PLASMA_MEMBRANE_ADHESION_MOLECULES",0.285403576607057,0.559169321143425,0.0259470481488096,0.27954970137105,1.0780024905191,232,"ELFN1;HMCN2;APOA1;SPARCL1;MYPN;DAB1;PECAM1;CNTN6;CDH3;CEACAM1;CDHR3;SLITRK5;CDH1;MDGA1;CD177;CRB1;CLDN23;CDHR4;SELP;PTPRM;MPZ;PCDHA2;DCHS1;NECTIN1;JAML;PCDHAC2;CELSR1;ADGRL3;MPZL2;CLDN4;MAP2K5;PCDHGA3;CDH16;CNTN2;PCDH8;CLDN15;FAT2;CDH22;EFNA5;IL10;ESAM;BMP2;CDH24;PCDHGA4;CD6;PSG11;DSCAML1;CLDN10;LRRC4B;IL1RN;LRRC4;CLDN7;TENM4;ACVR1;IGSF11;SELL;ITGA5;PCDHB5;DSC2;PTPRG;CDH20;SCARF1","GO:BP"
"GOBP_COLLAGEN_METABOLIC_PROCESS",0.287073535408455,0.559169321143425,0.0278855433998514,0.312293350410001,1.09667659656183,103,"ADAMTS14;NPPC;RGCC;MMP13;MMP1;MMP17;IHH;MMP10;SERPINF2;CYGB;CTSS;MMP23B;SMPD3;BMP4;PRTN3;TNXB;MMP11;MMP28;CST3;MYB;FURIN;MMP12;MMP15;F2R;MMP9","GO:BP"
"GOBP_EPITHELIAL_CELL_CELL_ADHESION",0.296620144610728,0.567888140109428,0.0311788775098507,0.463889426523596,1.14318879638174,16,"IHH;THBS4;CAMSAP3;PKP3;DSP;KIT;ITGB5;JUP","GO:BP"
"GOBP_REGULATION_OF_LYMPHOCYTE_CHEMOTAXIS",0.294322709163347,0.567888140109428,0.0310826254028964,0.448506667568908,1.13768403829526,18,"CXCL13;TNFSF14;XCL1;CCL5;TMEM102;OXSR1;PTK2B;ADAM10","GO:BP"
"GOBP_POSITIVE_REGULATION_OF_NEUTROPHIL_MIGRATION",0.301486871243277,0.570452388484657,0.0297349782893663,0.400202182462512,1.1221332841368,28,"CCR7;MCU;LBP;RAC2;XCL1;MDK;CD74;THBS4;IL23A;C3AR1;NCKAP1L","GO:BP"
"GOBP_REGULATION_OF_LYMPHOCYTE_MIGRATION",0.304732868757259,0.570452388484657,0.0279948214942274,0.339132313360013,1.09915937823273,58,"CXCL12;CXCL13;GCSAM;TNFSF14;APOD;IL27RA;SPN;XCL1;CCL5;CD69;TMEM102;ADAM8;OXSR1;CD200R1;PTK2B;ECM1;ADAM10;CORO1A","GO:BP"
"GOBP_REGULATION_OF_NEUTROPHIL_CHEMOTAXIS",0.305599493831066,0.570452388484657,0.0294867004158672,0.398731854633024,1.11801060847844,28,"CCR7;MCU;LBP;RAC2;XCL1;MDK;CD74;THBS4;IL23A;C3AR1;NCKAP1L","GO:BP"
"GOBP_COLLAGEN_ACTIVATED_SIGNALING_PATHWAY",0.312068965517241,0.572979084228378,0.0378850326355364,-0.418898317621396,-1.10456349747858,15,"DDR2;COL4A6;COL4A2;COL4A1","GO:BP"
"GOBP_REGULATION_OF_EXTRACELLULAR_MATRIX_ASSEMBLY",0.310913065411132,0.572979084228378,0.0302960517152991,0.457816900195818,1.12822392831895,16,"RGCC;PPARG;TIE1;AGT","GO:BP"
"GOBP_POSITIVE_REGULATION_OF_MONONUCLEAR_CELL_MIGRATION",0.321273920938679,0.577671080311843,0.0264010094290955,0.317626890462064,1.08081472038791,81,"CXCL12;CCR7;CXCL13;TRPV4;CMKLR1;TNFSF14;GAS6;RARRES2;SPN;XCL1;SPI1;MDK;CCR1;CCL5;IL12A;FPR2;C3AR1","GO:BP"
"GOBP_REGULATION_OF_LEUKOCYTE_MIGRATION",0.322361093924019,0.577671080311843,0.0243108390832413,0.280534342259451,1.06498503227496,195,"CXCL12;F2RL1;CCR7;CXCL13;TRPV4;CCL24;CMKLR1;ITGA2B;SELP;GCSAM;MCU;TNFSF14;MTUS1;GAS6;LBP;PLVAP;APOD;RAC2;F7;SMPD3;RARRES2;LYVE1;STAP1;IL27RA;EDN2;SPN;CD300A;PGF;XCL1;SPI1;MDK;CCR1;CD74;THBS4;IL23A;MMP28;GPSM3;CCL5;CCL28;IL12A;CD69;FPR2;C3AR1;NCKAP1L","GO:BP"
"REACTOME_ECM_PROTEOGLYCANS",0.318824033109747,0.577671080311843,0.026902791847636,0.328125530007854,1.08693665407346,67,"IBSP;COMP;ITGAX;COL6A3;ITGA2B;FMOD;LRP4;LAMA1;TNN;COL2A1;ASPN;COL9A3;TNXB;ACAN;ITGB6","Reactome"
"GOBP_INTEGRIN_ACTIVATION",0.326322498406628,0.580128886056228,0.0284326417178475,0.396947472609692,1.10165498136272,27,"CXCL12;CXCL13;PLEK;SELP","GO:BP"
"GOBP_CELL_JUNCTION_MAINTENANCE",0.33546849396693,0.591692461799939,0.0267639698585244,0.344899321069911,1.0806278446662,49,"F2RL1;SHANK1;PLXNA4;CD177;PCLO;BSN;ADGRB3;RAPSN;INAVA;PRTN3;CAMSAP3","GO:BP"
"GOBP_MESENCHYMAL_CELL_MIGRATION",0.361472177596027,0.632576310793048,0.0251595028897064,0.328189738064512,1.05883482648175,57,"SOX8;BMP7;ERBB4;OVOL2;SEMA6A;GBX2;SEMA3D;SEMA5A;SHH;FGF19;BMP4;SEMA6D;SEMA5B","GO:BP"
"GOBP_REGULATION_OF_GRANULOCYTE_CHEMOTAXIS",0.365787490580256,0.635165875116104,0.02548802476494,0.342266122901797,1.05981118860236,46,"CCR7;TRPV4;CMKLR1;MCU;LBP;RAC2;RARRES2;XCL1;MDK;CD74;THBS4;IL23A;CCL5;C3AR1;NCKAP1L","GO:BP"
"GOBP_REGULATION_OF_POSITIVE_CHEMOTAXIS",0.370671435538937,0.638695396620937,0.0265509861006362,0.394031304458005,1.066694318178,24,"CXCL12;F2RL1;KDR;F7;SCG2;PGF","GO:BP"
"GOBP_REGULATION_OF_LEUKOCYTE_ADHESION_TO_VASCULAR_ENDOTHELIAL_CELL",0.37385936661299,0.639270978025265,0.0358688289733687,-0.347275118659697,-1.05895875686176,27,"IL6;ETS1;RELA;ELANE;MIR221;MIR222;ITGA4;FUT4;SELE","GO:BP"
"GOBP_CELL_CELL_ADHESION_MEDIATED_BY_CADHERIN",0.380808233691539,0.641361235691013,0.0248855600853743,0.342477600930632,1.05186679337424,44,"RGCC;CDH3;CDHR3;CDH1;SERPINF2;EPCAM;AFDN;BHLHA15;PTPRU;CDH22;CDH24","GO:BP"
"GOBP_REGULATION_OF_MONONUCLEAR_CELL_MIGRATION",0.379552377168587,0.641361235691013,0.0227646229334164,0.289676250792888,1.04381667940988,125,"CXCL12;CCR7;CXCL13;TRPV4;CMKLR1;GCSAM;TNFSF14;MTUS1;GAS6;APOD;RARRES2;STAP1;IL27RA;SPN;XCL1;SPI1;MDK;CCR1;MMP28;CCL5;IL12A;CD69;FPR2;C3AR1","GO:BP"
"GOBP_REGULATION_OF_INTEGRIN_MEDIATED_SIGNALING_PATHWAY",0.384114583333333,0.642101990049751,0.0346907706589501,-0.356670285600745,-1.0505037704946,23,"SLC2A10;PRKD1;EMP2;BST1;LOXL3;LAMB2;LAMA2;LIMS1","GO:BP"
"GOBP_CELL_CELL_JUNCTION_MAINTENANCE",0.387086092715232,0.642276183468236,0.0261208485186222,0.410965095443342,1.05593436942908,19,"F2RL1;CD177;INAVA;PRTN3;CAMSAP3;F2R","GO:BP"
"GOBP_HEPARIN_PROTEOGLYCAN_METABOLIC_PROCESS",0.397069778991805,0.649223580249375,0.033074911573599,-0.379952843782035,-1.03763424076035,17,"EDNRB;ANGPT1;EDNRA","GO:BP"
"REACTOME_LAMININ_INTERACTIONS",0.395816354251562,0.649223580249375,0.0349412990575916,-0.332026926322302,-1.03804524518829,30,"ITGB4;COL4A6;COL4A2;HSPG2;COL4A1;COL4A4;LAMA5;ITGA3;ITGA2;LAMB2;COL4A5;LAMA2","Reactome"
"GOBP_TELENCEPHALON_GLIAL_CELL_MIGRATION",0.404397705544933,0.656413666971486,0.0247410070769755,0.37392611486835,1.03776342093346,27,"DAB1;SYNE2;DISC1;LRP8","GO:BP"
"GOBP_CELL_JUNCTION_DISASSEMBLY",0.436684782608696,0.683948281299275,0.0329767453836388,-0.329167849752318,-1.00913218524225,28,"DKK1;DUSP3;C1QL1;ITGAM;CX3CL1;STON1;SARM1;C3;PIK3R1;PRICKLE1;SNAI2;MAPRE2;VANGL2;TGFB3;TGFBR1","GO:BP"
"GOBP_CHONDROITIN_SULFATE_PROTEOGLYCAN_BIOSYNTHETIC_PROCESS",0.448841059602649,0.683948281299275,0.0236593460744712,0.39355269943378,1.01119493144647,19,"CHST7;B3GAT1;CSGALNACT1","GO:BP"
"GOBP_EPITHELIAL_TO_MESENCHYMAL_TRANSITION_INVOLVED_IN_ENDOCARDIAL_CUSHION_FORMATION",0.448033472803347,0.683948281299275,0.02386460346087,0.40454831740732,1.01156641248286,17,"MSX2;HEY2;BMP4;FGF8","GO:BP"
"GOBP_HETEROPHILIC_CELL_CELL_ADHESION_VIA_PLASMA_MEMBRANE_CELL_ADHESION_MOLECULES",0.441867043847242,0.683948281299275,0.033538078140941,-0.310510573531638,-1.00880080516994,36,"VCAM1;HMCN1;NLGN1;CXADR;FAT4;AMIGO2;PVR;NECTIN3;CDH2;SCARF2","GO:BP"
"GOBP_HETEROTYPIC_CELL_CELL_ADHESION",0.442740926157697,0.683948281299275,0.0355432910251727,-0.281380825678004,-1.00329220028593,54,"PARVA;ITGB3;GLDN;VCAM1;CXADR;MYADM;MIR221;ITGA4;DSG2;THY1;PTPRC;ITGAM","GO:BP"
"GOBP_KERATAN_SULFATE_PROTEOGLYCAN_METABOLIC_PROCESS",0.439243027888446,0.683948281299275,0.0240547658605916,0.400846940680565,1.01679015985131,18,"B3GNT3;CHST5;B3GNT2;B3GNT7;CHST2;CHST6;SLC35D2","GO:BP"
"GOBP_POSITIVE_CHEMOTAXIS",0.438289744343227,0.683948281299275,0.0221299348211727,0.317634452758097,1.01397538409093,54,"FGF7;CXCL12;F2RL1;S100A4;SEMA5A;KDR;F7;SCG2;BMP4;FGF8;PGF","GO:BP"
"GOBP_REGULATION_OF_MACROPHAGE_CHEMOTAXIS",0.440525150268902,0.683948281299275,0.0232240698938442,0.360302025470103,1.0102565973882,28,"TRPV4;CMKLR1;MTUS1;RARRES2;STAP1;MDK;MMP28;CCL5;C3AR1","GO:BP"
"KEGG_LEUKOCYTE_TRANSENDOTHELIAL_MIGRATION",0.437094155844156,0.683948281299275,0.020884454741678,0.287265058592616,1.01415645318534,107,"CXCL12;PECAM1;NCF4;PIK3R5;CLDN23;MYL9;PIK3R3;VAV3;RAC2;AFDN;NOX3;NCF2;CLDN4;NCF1;ACTN2;CLDN15;ESAM;VAV1;PLCG2;CLDN10;MMP9;CLDN7;PIK3CG","KEGG"
"GOBP_POSITIVE_REGULATION_OF_MONOCYTE_CHEMOTAXIS",0.456411982497476,0.690785703239423,0.023653360411628,0.412847236074468,1.00358508540513,15,"CXCL12;CCR1;CCL5;FPR2","GO:BP"
"GOBP_BASEMENT_MEMBRANE_ORGANIZATION",0.477127967573827,0.697269877457965,0.032484202040503,-0.2971387852408,-0.990715948219446,40,"CAV1;NTN4;HMCN1;CMA1;COL4A1;PXDN;PHLDB1;PHLDB2;LAMB2;PLOD3;PRICKLE1;LAMA2","GO:BP"
"GOBP_MONONUCLEAR_CELL_MIGRATION",0.479373040752351,0.697269877457965,0.0183406145993195,0.262923818417971,0.992715274022106,186,"ARHGEF5;CCL26;CXCL12;CCR7;PECAM1;CXCL13;TRPV4;CMKLR1;GCSAM;TNFSF14;MTUS1;GAS6;APOD;JAML;FLT1;TRPM2;RARRES2;STAP1;MYO1G;IL27RA;EDN2;SPN;XCL1;SPI1;MDK;CCR1;MCOLN2;ALOX5;MMP28;CCL5;IL12A;CD69;FPR2;C3AR1","GO:BP"
"GOBP_NEGATIVE_REGULATION_OF_CELL_MATRIX_ADHESION",0.472028945171166,0.697269877457965,0.0319289469770344,-0.312239747227711,-0.987901650725046,32,"THBS1;MMP14;PHLDB2;HOXA7;ARHGAP6;NF2;PIK3R1;RASA1;ADAM15;RCC2;CORO1C;DLC1;FAM107A;PLET1;SERPINE1","GO:BP"
"GOBP_NEGATIVE_REGULATION_OF_EPITHELIAL_CELL_MIGRATION",0.474861739567622,0.697269877457965,0.0298998598093173,-0.354051509493406,-0.981864451006968,18,"MCC;MIR130A;PFN2;IL4;PTPRR","GO:BP"
"GOBP_PROTEOGLYCAN_METABOLIC_PROCESS",0.471161048689139,0.697269877457965,0.0380399476968455,-0.249089216238787,-0.992791772325348,101,"COL11A1;EDNRB;SLC2A10;BMPR1B;DSEL;B4GAT1;ST3GAL1;ANGPT1;ST3GAL6;UST;HGSNAT;EDNRA;SULF1;CNMD;CHST10;DSE;ADAMTS12;CHSY1;B3GAT2;IDS;HS3ST3A1;ST3GAL4;CHST11","GO:BP"
"GOBP_REGULATION_OF_NEUTROPHIL_MIGRATION",0.465912305516266,0.697269877457965,0.0324960101604023,-0.305717146157747,-0.993227701364469,36,"EDN1;IL1R1;RIPOR2;RAC3;MYD88;SLIT2;CXCL8;TNFAIP6;BST1;TIRAP;FUT4;DPP4;C5AR1;RTN4","GO:BP"
"GOBP_CARDIAC_EPITHELIAL_TO_MESENCHYMAL_TRANSITION",0.487748138957816,0.700356302093275,0.0213021424335557,0.335076762453139,0.982312725900674,35,"MSX2;NOG;OLFM1;HEY2;BMP4;HEY1;FGF8;ACVRL1;BMP2;ACVR1;JAG1","GO:BP"
"GOBP_REGULATION_OF_EPITHELIAL_CELL_MIGRATION",0.485475792988314,0.700356302093275,0.0349834797451947,-0.264774138755783,-0.982348213156385,67,"TACR1;DOCK1;MCC;MIR130A;ARHGAP5;TGFBR2;PFN2;MIR221;MIR222;HAS2;IL4;ITGA3;PTPRR;ITGA2;DOCK5;ADAM9;RTN4;HIF1A;SOX9;TGFB2;GLIPR2;MAPRE2;CTSH","GO:BP"
"GOBP_CELL_ADHESION_MEDIATED_BY_INTEGRIN",0.495428973277075,0.702589475036947,0.0356313584168532,-0.255468177612294,-0.980169954745035,80,"ITGB3;VCAM1;ITGB4;CYP1B1;ITGB8;FBN1;ITGBL1;RAC3;EPHA2;ITGA4;EFNA1;ITGA3;ITGAM;DPP4;ITGA2;RET;ADAM9;LIF;PTPN6;COL16A1","GO:BP"
"GOBP_NEGATIVE_REGULATION_OF_ENDOTHELIAL_CELL_MIGRATION",0.495576504713561,0.702589475036947,0.0200270913221196,0.301859742305782,0.98039118859659,59,"RGCC;APOH;CXCL13;ADGRB1;PTPRM;PPARG;MAP2K5;DLL4;ANGPT4;ACVRL1;MIR132;MIR212;SERPINF1;JUP;MIR361;MMRN2","GO:BP"
"GOBP_POSITIVE_REGULATION_OF_CELL_JUNCTION_ASSEMBLY",0.504839601769911,0.711220571046919,0.0190271773448925,0.283624221562785,0.979443127086339,90,"TBX5;HOPX;ST8SIA2;NTRK1;SLITRK5;ADGRB1;FLRT2;KDR;ACE2;ADGRB3;CNTNAP2;EPHB1;CRB3;AGT;EFNA5;ACVRL1;THBS2;LRRN3","GO:BP"
"REACTOME_TGF_BETA_RECEPTOR_SIGNALING_IN_EMT_EPITHELIAL_TO_MESENCHYMAL_TRANSITION",0.509836892550866,0.713771649571212,0.0218735929051576,0.39307439626338,0.968675335672807,16,"CGN","Reactome"
"GOBP_COLLAGEN_BIOSYNTHETIC_PROCESS",0.520085209981741,0.719489732231204,0.0317823370906005,-0.274638460952073,-0.962976645646363,50,"DDR2;VIM;IL6;SERPINB7;IL6R;COL5A1;FOSL2;MIR218-1","GO:BP"
"GOBP_POSITIVE_REGULATION_OF_HOMOTYPIC_CELL_CELL_ADHESION",0.520345252774353,0.719489732231204,0.0279022954859226,-0.356107150745607,-0.954232943253534,16,"IL6;IL6R;IL6ST;ANK3;HTR2A;JAK1;CTNNB1","GO:BP"
"GOBP_NEGATIVE_REGULATION_OF_CELL_JUNCTION_ASSEMBLY",0.526086956521739,0.722966124299813,0.0294489133351372,-0.312509112266032,-0.958061376912813,28,"THBS1;DKK1;MMP14;PHLDB2;ARHGAP6;IKBKB;WNT5A;RCC2;CORO1C;DLC1;FAM107A;PTPN13","GO:BP"
"GOBP_GLIAL_CELL_MIGRATION",0.52931854199683,0.722971667117622,0.032226936967927,-0.267708586240849,-0.963563270824637,57,"VCAN;CCL2;MIR221;MIR222;PTPRB;APCDD1;MATN2;MMP14;CX3CL1;CSF1;SRGAP2C;RTN4;SRGAP2;NR2E1;TGFB2;TSPO;MBOAT7;AZU1;P2RX4","GO:BP"
"GOBP_CELL_CELL_ADHESION_MEDIATED_BY_INTEGRIN",0.533556485355649,0.723819125875888,0.0210915150448381,0.379275874628322,0.948373085069042,17,"NPNT;CXCL13;PODXL;CCL5;SKAP1;ITGA5","GO:BP"
"GOBP_MESENCHYMAL_TO_EPITHELIAL_TRANSITION",0.536401673640167,0.723819125875888,0.0210092343989005,0.378594456747547,0.946669210868119,17,"CITED1;PAX8;BASP1;SALL1","GO:BP"
"GOBP_POSITIVE_REGULATION_OF_LEUKOCYTE_CELL_CELL_ADHESION",0.544831730769231,0.730792261630585,0.0158456123466287,0.250717706869595,0.970088296217799,240,"IGF2;PCK1;CCR7;CD80;IL36B;RAG1;LCK;NOD2;CD4;IL12RB1;IHH;WNT10B;ZBTB16;SELP;ACTL6B;TNFSF14;HHLA2;TNFSF9;SHH;CD24;DUSP10;HLA-G;IL23R;FCHO1;CARD11;SOCS1;IL2RG;SPN;XCL1;SASH3;MDK;CD74;B2M;IL23A;ALOX5;HLA-DMA;CCL5;VAV1;IL12A;CD6;NCKAP1L;SKAP1;JAK2;SOX4;CHST2;RUNX3;HLA-A","GO:BP"
"GOBP_LEUKOCYTE_ADHESION_TO_VASCULAR_ENDOTHELIAL_CELL",0.57256169212691,0.745661738583882,0.0293268456891866,-0.278468725294433,-0.941396450853241,43,"VCAM1;IL6;ETS1;RELA;ELANE;MIR221;MIR222;ITGA4","GO:BP"
"GOBP_MACROPHAGE_MIGRATION",0.562578222778473,0.745661738583882,0.0308187898420047,-0.264936823246331,-0.944659422656439,54,"THBS1;EDNRB;TRIM55;CCL2;SFTPD;CNN2;MMP14;CX3CL1;CSF1;C5AR1;RTN4;B4GALT1;MAPK1;MIF;CKLF;MMP2;PTPRJ;AZU1;P2RX4","GO:BP"
"GOBP_NEURON_MIGRATION",0.562665992158847,0.745661738583882,0.0161169037246187,0.256048959599311,0.958530892065522,170,"ASCL1;KIF26A;CXCL12;CCR4;DAB1;ERBB4;SEMA6A;FLRT2;MDGA1;CAMK2A;CAMK2B;TNN;DCDC2;GAS6;KIAA0319;CELSR1;ADGRL3;DISC1;MDK;SCRT1;LHX6;CNTN2;CCKAR;ARX;NKX2-1","GO:BP"
"GOBP_POSITIVE_REGULATION_OF_COLLAGEN_METABOLIC_PROCESS",0.570501168527655,0.745661738583882,0.027192973763518,-0.311215063953621,-0.927068441831736,24,"DDR2;VIM;SERPINB7","GO:BP"
"GOBP_PROTEIN_LOCALIZATION_TO_CELL_CELL_JUNCTION",0.567593480345158,0.745661738583882,0.0194403445879685,0.335568607836754,0.925092054218199,26,"HEPACAM;PECAM1;ABCB1;ILDR1;DSP","GO:BP"
"GOBP_HEPARAN_SULFATE_PROTEOGLYCAN_BIOSYNTHETIC_PROCESS",0.596953348143446,0.761340165549862,0.0185797830965084,0.322859709620907,0.90998172119646,29,"GLCE;CSGALNACT1;HS3ST5;EXTL3;SLC35D2;TCF7L2;HS2ST1;NDST4;HS6ST1;EXT2","GO:BP"
"GOBP_PROTEIN_LOCALIZATION_TO_NON_MOTILE_CILIUM",0.588177339901478,0.761340165549862,0.0257614261895529,-0.344131712533616,-0.907416697559942,15,"PCARE;BBIP1;ARL13B;RPGR","GO:BP"
"GOBP_REGULATION_OF_HOMOTYPIC_CELL_CELL_ADHESION",0.598019801980198,0.761340165549862,0.0278688129775025,-0.282743364079975,-0.918589438344114,36,"IL6;IL6R;SERPINE2;C1QTNF1;IL6ST","GO:BP"
"GOBP_REGULATION_OF_MONOCYTE_CHEMOTAXIS",0.60003242542153,0.761340165549862,0.0188236461509292,0.340051330487247,0.905434944867529,22,"CXCL12;CCR1;CCL5;FPR2;DUSP1;CCN3;NBL1;TNFSF18","GO:BP"
"REACTOME_DEGRADATION_OF_THE_EXTRACELLULAR_MATRIX",0.601594684385382,0.761340165549862,0.0158648077830046,0.260786346690276,0.937217236658755,123,"ADAMTS8;FBN3;MMP13;COL26A1;MMP1;COL6A3;CDH1;CTSV;MMP17;ADAMTS4;MMP10;SCUBE1;SPP1;COL2A1;CTSS;ELN;LAMC2;NID1;COL9A3;COL25A1;ACAN;MMP11;FURIN;CAPN14;ADAMTS18;MMP12;MMP15;BCAN;MMP9;TMPRSS6;CAPN9;CAPN8;ADAM8;FBN2;LAMB3;CAPN10;COL6A6;MMP16;CTSB","Reactome"
"GOBP_POSITIVE_REGULATION_OF_EXTRACELLULAR_MATRIX_ORGANIZATION",0.608427267847558,0.765661280886814,0.0266494284733211,-0.297561555126766,-0.907365364161526,27,"DDR2;IL6;CFLAR;SMAD3;FSCN1;SOX9;TGFB2;MIR27B;RB1","GO:BP"
"GOBP_CHONDROITIN_SULFATE_PROTEOGLYCAN_METABOLIC_PROCESS",0.617135425134125,0.767990751278022,0.0184459095608006,0.329493018879236,0.891980731331102,24,"CHST7;B3GAT1;CSGALNACT1;HEXB;IGF1;HYAL1","GO:BP"
"REACTOME_MECHANICAL_LOAD_ACTIVATES_SIGNALING_BY_PIEZO1_AND_INTEGRINS_IN_OSTEOCYTES",0.616445266520935,0.767990751278022,0.0189657655462325,0.361922980101607,0.891907149308999,16,"CACNG7;CACNA1H;SPP1","Reactome"
"GOBP_CELL_MIGRATION_IN_HINDBRAIN",0.627229888926287,0.77624030452756,0.0187191176691419,0.36286762068107,0.882090275218124,15,"DAB1;EPHB1","GO:BP"
"GOBP_CELL_MIGRATION_INVOLVED_IN_HEART_DEVELOPMENT",0.640106241699867,0.787823066707529,0.0182131166810028,0.343827408832587,0.872154157880284,18,"TBX5;BMP7;DCHS1;BMP4","GO:BP"
"GOBP_CALCIUM_INDEPENDENT_CELL_CELL_ADHESION_VIA_PLASMA_MEMBRANE_CELL_ADHESION_MOLECULES",0.652045342533268,0.793740353899716,0.0177861173824647,0.33290268674413,0.867674950355926,20,"CLDN23;CLDN4;CLDN15;BMP2;CLDN10;CLDN7;CLDN6;CLDN19","GO:BP"
"GOBP_POSITIVE_REGULATION_OF_CELL_ADHESION_MEDIATED_BY_INTEGRIN",0.655544488711819,0.793740353899716,0.0178606421248588,0.339600498895873,0.861432159047186,18,"CXCL13;FOXC2;PODXL;CCL5;NCKAP1L;SKAP1;FERMT1","GO:BP"
"HALLMARK_MYOGENESIS",0.65236648949633,0.793740353899716,0.0139882090330077,0.245410319035155,0.922365598739396,179,"CHRNA1;EFS;DES;TNNT3;CASQ2;CACNA1H;MYBPC3;COL6A3;CAMK2B;APOD;PTP4A3;MYH7;ANKRD2;REEP1;ACHE;FHL1;FST;CTF1;RYR1;MYOZ1;ACTN2;CASQ1;MYL4;VIPR1;GJA5;TNNI2;TNNT1;TAGLN;KCNH2;LDB3;CRYAB;ITGB5;FOXO4;KLF5","Hallmark"
"GOBP_NEGATIVE_REGULATION_OF_BLOOD_VESSEL_ENDOTHELIAL_CELL_MIGRATION",0.668625146886016,0.800752324545834,0.0265811950045366,-0.263595625600937,-0.891116178805312,43,"THBS1;STARD13;MIR2355;MIR221;SPRED1;MEF2C;FGF2;TBXA2R;MIR505;HMGB1;CARD10","GO:BP"
"GOBP_NEGATIVE_REGULATION_OF_LEUKOCYTE_CHEMOTAXIS",0.673956762192056,0.800752324545834,0.0238402778825044,-0.308415375818329,-0.855305190177734,18,"CCL2;SLIT2;TNFAIP6;DPP4;KLRK1;MIF","GO:BP"
"GOBP_NEGATIVE_REGULATION_OF_LOCOMOTION",0.671714252687551,0.800752324545834,0.0122507856050572,0.234289118757765,0.927135728012159,322,"KRT16;TBX5;CXCL12;RGCC;APOH;TRIB1;CXCL13;ERBB4;CDH1;ADGRB1;MAPK15;NOG;TNN;NGFR;GCSAM;SEMA5A;ABCC8;GHSR;CYGB;PTPRM;PPARG;APOD;PODN;ADORA3;SHH;AFDN;DUSP10;DNAI3;MAP2K5;SCAI;BST2;PIP5KL1;STAP1;IL27RA;MARVELD3;BMP4;SEMA6D;CD300A;ALOX15B;PTPRU;ACVR1C;TIE1;CD74;DLL4;ANGPT4;MMP28;ACVRL1;WAS;NKX2-1;MIR132;CCL28;CD69","GO:BP"
"GOBP_PROTEOGLYCAN_CATABOLIC_PROCESS",0.675634773835547,0.800752324545834,0.0176053733258637,0.344767012528207,0.849628733808184,16,"ADAMTS4;HEXB;HYAL1;BTK;IDUA;GPC1","GO:BP"
"GOBP_REGULATION_OF_EXTRACELLULAR_MATRIX_ORGANIZATION",0.681243926141885,0.803150733977802,0.0279610991295042,-0.245583282034767,-0.895150609154311,61,"DDR2;ITGB3;IL6;SLC2A10;FAP;HAS2;PRDM5;DPP4;LAMB2;CFLAR;SMAD3;FSCN1;LAMA2;SOX9;TGFB2;MIR27B;RB1","GO:BP"
"GOBP_POSITIVE_REGULATION_OF_EPITHELIAL_CELL_MIGRATION",0.694649585531274,0.810424516453152,0.0156048222565447,0.279617715747793,0.865823299041404,46,"ENPP2;FGF7","GO:BP"
"HALLMARK_ANGIOGENESIS",0.692746536267319,0.810424516453152,0.0246628608007113,-0.276999228600581,-0.866007270418005,30,"VCAN;COL5A2;VEGFA;FSTL1;NRP1;STC1","Hallmark"
"GOBP_MONOCYTE_CHEMOTAXIS",0.704922644163151,0.818148561101273,0.0249518236959457,-0.269260340060065,-0.86363133798961,34,"IL6;CCL2;IL6R;ANXA1;ANO6;PTPRO;SLIT2","GO:BP"
"GOBP_POSITIVE_REGULATION_OF_MACROPHAGE_CHEMOTAXIS",0.719730573353047,0.831029115624137,0.016340675127523,0.313972486400759,0.818335424731171,20,"TRPV4;CMKLR1;RARRES2;MDK;CCL5;C3AR1","GO:BP"
"GOBP_POSITIVE_REGULATION_OF_EPITHELIAL_TO_MESENCHYMAL_TRANSITION",0.738461538461539,0.848284023668639,0.0260191746680826,-0.243272106251452,-0.862506036456525,53,"DAB2;IL6;LOXL2;EMP2;ENG;TGFBR2;MIR221;MIR222;TWIST1","GO:BP"
"GOBP_NEGATIVE_REGULATION_OF_EPITHELIAL_TO_MESENCHYMAL_TRANSITION",0.745118813379749,0.848990171724808,0.0146526834171182,0.271683718090666,0.834434370549985,44,"TBX5;OVOL2;NOG","GO:BP"
"GOBP_REGULATION_OF_COLLAGEN_METABOLIC_PROCESS",0.746656534954407,0.848990171724808,0.0146820246942931,0.272834626971498,0.829988245254574,42,"NPPC;RGCC;IHH;SERPINF2;CYGB;BMP4;CST3;MYB","GO:BP"
"GOBP_MESENCHYMAL_CELL_DIFFERENTIATION",0.756490384615385,0.855827505827506,0.0110720708378235,0.22944256719894,0.887769563119158,240,"TBX5;SOX8;RGCC;BMP7;ERBB4;OVOL2;SEMA6A;WNT11;GBX2;FOXC2;MSX2;NOG;SEMA3D;S100A4;RFLNB;SEMA5A;OLFM1;SHH;HEY2;TIAM1;FGF19;BMP4;SEMA6D;HEY1;FGF8;SEMA5B;AXIN2;MDK;SLC39A6;TNXB;AGT;LRG1;ACVRL1;ZFP64;NKX2-1;HPN;BMP2;KBTBD8;CYP26C1;TCF21;FGFR2;ACVR1;RPS7;JAG1;HES1;SEMA6C;IGF1;KLHL12;IL17RD;ADAM8;SPSB3;EOMES;RANBP3L;RADIL;SDCBP;WNT16;NRTN;TCF7L2;ELL3;TGFBR3L","GO:BP"
"GOBP_HOMOTYPIC_CELL_CELL_ADHESION",0.768115942028985,0.860219127908813,0.0278187511834534,-0.223763819761958,-0.877583662106473,91,"ITGB3;CSRP1;IL6;IL6R;SLC7A11;SERPINE2;C1QTNF1;CXADR;IL6ST;DSG2;HSPB1;GATA1;TJP2;ACTN1;TYRO3;MYH9;ACTB;ANK3;RDX;PTPN6;HTR2A;MIP","GO:BP"
"GOBP_MACROPHAGE_CHEMOTAXIS",0.779342004590666,0.860219127908813,0.0141628429330862,0.268489946954147,0.80456133260319,39,"TRPV4;CMKLR1;MTUS1;RARRES2;STAP1;EDN2;MDK;MMP28;CCL5;C3AR1","GO:BP"
"GOBP_NEGATIVE_REGULATION_OF_CELL_SUBSTRATE_ADHESION",0.776595744680851,0.860219127908813,0.0251123051873433,-0.236772506526316,-0.844236662066812,54,"THBS1;PTPRO;FBLN1;MMP14;ACTN4;PHLDB2;KANK1;HOXA7;CX3CL1;ARHGAP6;NF2;PIK3R1","GO:BP"
"GOBP_NEGATIVE_REGULATION_OF_COLLAGEN_METABOLIC_PROCESS",0.772803769774487,0.860219127908813,0.0156583096372466,0.319560022786599,0.776814387350065,15,"NPPC;CYGB;CST3;CYP7A1;MIR29A","GO:BP"
"GOBP_NEGATIVE_REGULATION_OF_LYMPHOCYTE_MIGRATION",0.781050151464153,0.860219127908813,0.0155047113990289,0.316379883504221,0.769083827291938,15,"GCSAM;APOD;IL27RA;CD69","GO:BP"
"GOBP_NUCLEAR_MIGRATION",0.78341384863124,0.860219127908813,0.0224730382680638,-0.261009813851717,-0.795906798828234,27,"LMNB1;DOCK7;TACC3;DYNC1H1;CEP120;LMNB2;LMNA;MYH10;TACC1;TMEM201","GO:BP"
"GOBP_REGULATION_OF_CILIUM_DEPENDENT_CELL_MOTILITY",0.792153047989624,0.862151368386971,0.0147615509813077,0.289684865139633,0.77132708029942,22,"IRGC;TAC3;TTLL6;TEX101;RNASE10;CFAP206;PGAM4;CATSPER1;PRDM14;GAS2L2","GO:BP"
"GOBP_REGULATION_OF_MACROPHAGE_MIGRATION",0.792871347713018,0.862151368386971,0.0139100093882218,0.265690991541064,0.803832444496393,41,"TRPV4;CMKLR1;MTUS1;RARRES2;STAP1;MDK;MMP28;CCL5;C3AR1","GO:BP"
"GOBP_TISSUE_MIGRATION",0.80209324452902,0.86796563659179,0.0120257231595807,0.23725917936174,0.833180050051918,103,"ENPP2;KRT16;ACTG2;FGF7","GO:BP"
"GOBP_EPITHELIAL_TO_MESENCHYMAL_TRANSITION",0.811255742725881,0.872645668029174,0.0109230479327503,0.228788388957724,0.852495093066578,165,"TBX5;RGCC;BMP7;OVOL2;WNT11;MSX2;NOG;S100A4;RFLNB;OLFM1;HEY2;TIAM1;BMP4;HEY1;FGF8;AXIN2;MDK;SLC39A6;TNXB;AGT;LRG1;ACVRL1;NKX2-1;HPN;BMP2;KBTBD8;FGFR2;ACVR1;JAG1;IGF1;KLHL12;IL17RD;ADAM8;SPSB3;EOMES;SDCBP;WNT16;TCF7L2;ELL3;TGFBR3L","GO:BP"
"GOBP_REGULATION_OF_CELL_JUNCTION_ASSEMBLY",0.81810531377735,0.872645668029174,0.00988710069268439,0.222613956151713,0.8610109496501,239,"TBX5;HOPX;LZTS1;ST8SIA2;NTRK1;SLITRK5;ADGRB1;FLRT2;MDGA1;LRP4;GHSR;KDR;APOD;ACE2;ACE;NECTIN1;ASIC1;SIGMAR1;ADGRB3;RAB17;CARMIL3;CNTNAP2;ICAM5;EPHB1;NEURL1;PRKCH;SLC12A5;NRXN2;CRB3;AGT;EFNA5;ACVRL1;THBS2;CAMSAP3;LRRN3;LRRC4B;PTPRA;DUSP22","GO:BP"
"GOBP_REGULATION_OF_GLIAL_CELL_MIGRATION",0.816737025080705,0.872645668029174,0.020610604530351,-0.279927277929614,-0.764468889379428,17,"MIR221;MIR222;CX3CL1;CSF1","GO:BP"
"GOBP_POSITIVE_REGULATION_OF_NEURON_MIGRATION",0.832758620689655,0.884066023860108,0.0201884140929854,-0.281012766938546,-0.740982791356806,15,"WDR62;KIF20B;SHTN1;SRGAP2C","GO:BP"
"GOBP_MOTILE_CILIUM_ASSEMBLY",0.86155350656608,0.897618537073497,0.0113754966601252,0.231142115040898,0.785042735720833,80,"CFAP61;CFAP47;DRC1;NOTO;DRC7;NEURL1;ARMC2;MEIG1;DNAAF3;CFAP206;TTLL1;CFAP57;BBOF1;UBE2B;MCIDAS;CCDC146;SPEF2;CFAP65;TPGS1;CFAP44;LRRC46;POC1B;PLA2G3;ATMIN","GO:BP"
"GOBP_NEGATIVE_REGULATION_OF_LEUKOCYTE_MIGRATION",0.85186852769023,0.897618537073497,0.0125937385421453,0.246614412353889,0.766946516580817,47,"CXCL12;GCSAM;APOD;STAP1;IL27RA;CD300A;MMP28;CCL28;CD69","GO:BP"
"GOBP_NEGATIVE_REGULATION_OF_MONONUCLEAR_CELL_MIGRATION",0.861397161146674,0.897618537073497,0.0215517094121128,-0.24251877021809,-0.767310041586519,32,"CCL2;RIPOR2;PLCB1;SLIT2;CNN2","GO:BP"
"GOBP_POSITIVE_REGULATION_OF_MESENCHYMAL_CELL_PROLIFERATION",0.860677083333333,0.897618537073497,0.0205361261688084,-0.249577719673769,-0.735083201862864,23,"PRRX1;ARHGAP5;TGFBR2;STAT1;FOXF1;MYC;SOX9;SMO","GO:BP"
"GOBP_NEGATIVE_REGULATION_OF_EXTRACELLULAR_MATRIX_ORGANIZATION",0.889205020920502,0.916842387374404,0.0135521440941112,0.272796249006406,0.682122532889808,17,"PPARG;TIMP3;CST3;TNFRSF1B;TGFBR3","GO:BP"
"GOBP_POSITIVE_REGULATION_OF_MACROPHAGE_MIGRATION",0.892048192771084,0.916842387374404,0.0129122458498617,0.253888698908387,0.694659947094037,25,"TRPV4;CMKLR1;RARRES2;MDK;CCL5;C3AR1","GO:BP"
"GOBP_REGULATION_OF_CELL_ADHESION_MEDIATED_BY_INTEGRIN",0.894506136762127,0.916842387374404,0.021724371579306,-0.225818273302522,-0.759796399547914,42,"ITGB3;CYP1B1;RAC3;EPHA2;EFNA1;DPP4;RET;ADAM9;LIF;PTPN6;TGFB2;SNAI2","GO:BP"
"GOBP_REGULATION_OF_MESENCHYMAL_CELL_PROLIFERATION",0.896377155513368,0.916842387374404,0.0126194117177031,0.248205679756235,0.704339888751956,30,"WNT11;IHH;KDR;SHH;BMP4","GO:BP"
"GOBP_REGULATION_OF_EPITHELIAL_TO_MESENCHYMAL_TRANSITION",0.903357346744597,0.919782025776317,0.0102505250686876,0.219223377729899,0.769843954282015,103,"TBX5;RGCC;BMP7;OVOL2;NOG;OLFM1;TIAM1;BMP4;AXIN2;MDK;TNXB;AGT;LRG1;NKX2-1;HPN;BMP2","GO:BP"
"GOBP_PROTEOGLYCAN_BIOSYNTHETIC_PROCESS",0.942739997172346,0.955537372699572,0.0101999918711894,0.2123431464123,0.711512565195003,73,"B3GNT3;CHST7;CHST5;B3GAT1;B3GNT2;GLCE;CSGALNACT1;HS3ST5;B3GNT7;CHST2;IGF1;CHST6;EXTL3;SLC35D2;TCF7L2;HS2ST1;NDST4;HS6ST1;EXT2","GO:BP"
"REACTOME_SYNAPTIC_ADHESION_LIKE_MOLECULES",0.957598978288633,0.966225996111054,0.0186313535446168,-0.217024105685522,-0.618121533845804,20,"GRIA3;RTN3;DLG1;GRIA1;FLOT2;PTPRF;PTPRD;GRIN2A","Reactome"
"REACTOME_SEMA4D_INDUCED_CELL_MIGRATION_AND_GROWTH_CONE_COLLAPSE",0.969607359947429,0.973955375014458,0.0120232377296009,0.219028508886805,0.570874186788887,20,"MYL9","Reactome"
"GOBP_HEPARAN_SULFATE_PROTEOGLYCAN_METABOLIC_PROCESS",0.985620315129264,0.985620315129264,0.0107211022799965,0.193335261704031,0.584924445956917,41,"GLCE;CSGALNACT1;HS3ST5;EXTL3;SLC35D2;TCF7L2;HS2ST1;NDST4;HS6ST1;EXT2;IDUA;GPC1","GO:BP"
